Shock_Industry,Shock_Country,Shock_Output_EUR,Abs_Change_EUR
Aluminium and aluminium products,AT,5941.34155147,-0.010015818642204645
Aluminium and aluminium products,AU,10788.8621591,-0.14502000809852209
Aluminium and aluminium products,BE,5247.38034134,-0.030899372999526806
Aluminium and aluminium products,BG,1519.97837587,-0.004930832598763305
Aluminium and aluminium products,BR,9914.80918982,-0.05380500028245685
Aluminium and aluminium products,CA,20401.1714152,-0.4444925920045499
Aluminium and aluminium products,CH,664.221654607,-0.00197540818767454
Aluminium and aluminium products,CN,267795.177986,-7.871379560368596
Aluminium and aluminium products,CY,202.027361746,-1.697400567485942e-05
Aluminium and aluminium products,CZ,4464.35318131,-0.0034421931740625552
Aluminium and aluminium products,DE,29109.7538681,-0.04098145393828126
Aluminium and aluminium products,DK,1842.84710324,-0.0016427960441770793
Aluminium and aluminium products,EE,101.53719116,-7.019840616650141e-05
Aluminium and aluminium products,ES,8208.21094615,-0.03607209218786941
Aluminium and aluminium products,FI,752.680853488,-0.0022942808809986717
Aluminium and aluminium products,FR,8846.32397853,-0.0210704703036417
Aluminium and aluminium products,GB,13378.5976996,-0.03361172071773369
Aluminium and aluminium products,GR,2553.08976835,-0.01412829003142286
Aluminium and aluminium products,HR,560.379064274,-0.0016621057106914997
Aluminium and aluminium products,HU,286.469504551,-0.00019721221988942475
Aluminium and aluminium products,ID,2586.29818798,-0.04044932257346565
Aluminium and aluminium products,IE,879.068440269,-0.0017874907317228742
Aluminium and aluminium products,IN,13943.6830579,-1.0193334322214267
Aluminium and aluminium products,IT,11485.2948435,-0.03881160384069905
Aluminium and aluminium products,JP,22875.3451004,-0.10834934534464571
Aluminium and aluminium products,KR,8309.49105106,-0.20016562359268195
Aluminium and aluminium products,LT,6.93599649202,-4.096670605522422e-05
Aluminium and aluminium products,LU,74.0640426448,-0.0008670997140906771
Aluminium and aluminium products,LV,296.259954279,-0.00016054825363198227
Aluminium and aluminium products,MT,0.00497401513167,-4.236407766908347e-09
Aluminium and aluminium products,MX,5745.06290448,-0.03927900511525532
Aluminium and aluminium products,NL,3870.86435818,-0.020183570554629226
Aluminium and aluminium products,NO,4042.99806768,-0.0019140633023656138
Aluminium and aluminium products,PL,6503.02267632,-0.010034902858079984
Aluminium and aluminium products,PT,1201.85724097,-0.001762352668060631
Aluminium and aluminium products,RO,1296.42742076,-0.002265375734289222
Aluminium and aluminium products,RU,17915.3872454,-0.01169158133984239
Aluminium and aluminium products,SE,3090.46542881,-0.0037301963180674724
Aluminium and aluminium products,SI,2312.04475031,-0.008081770587689554
Aluminium and aluminium products,SK,2260.89388142,-0.0007774633535352033
Aluminium and aluminium products,TR,9962.96552508,-0.13672051338117397
Aluminium and aluminium products,TW,9319.81261143,-0.0025119805272050344
Aluminium and aluminium products,US,110792.994735,-0.8266004136627043
Aluminium and aluminium products,WA,23768.5900005,-0.7417624347891978
Aluminium and aluminium products,WE,4791.31875552,-0.014506336544257275
Aluminium and aluminium products,WF,8032.46962605,-0.1311393441998812
Aluminium and aluminium products,WL,9275.39526692,-0.11763611294008003
Aluminium and aluminium products,WM,19937.1975904,-0.7482543853839828
Aluminium and aluminium products,ZA,1122.58615792,-0.0628895400678277
Aluminium ores and concentrates,AT,0.0,0.0
Aluminium ores and concentrates,AU,195.049181364,-0.024502237944812277
Aluminium ores and concentrates,BE,0.0,0.0
Aluminium ores and concentrates,BG,0.0,0.0
Aluminium ores and concentrates,BR,112.667555839,-5.652880034937128e-05
Aluminium ores and concentrates,CA,0.0,0.0
Aluminium ores and concentrates,CH,0.0,0.0
Aluminium ores and concentrates,CN,40.7705556849,-0.0013858819620319633
Aluminium ores and concentrates,CY,0.0,0.0
Aluminium ores and concentrates,CZ,46.4150990011,-5.6707352382463704e-06
Aluminium ores and concentrates,DE,0.0,0.0
Aluminium ores and concentrates,DK,0.0,0.0
Aluminium ores and concentrates,EE,0.0,0.0
Aluminium ores and concentrates,ES,0.0,0.0
Aluminium ores and concentrates,FI,0.0,0.0
Aluminium ores and concentrates,FR,116.879161532,-0.00014446125814784086
Aluminium ores and concentrates,GB,0.0,0.0
Aluminium ores and concentrates,GR,80.6884676189,-6.905007612611989e-05
Aluminium ores and concentrates,HR,2.40123949261,-1.3218216625300848e-07
Aluminium ores and concentrates,HU,25.9433227911,-1.3521004976646224e-06
Aluminium ores and concentrates,ID,0.897727817423,-3.621570962657773e-07
Aluminium ores and concentrates,IE,0.0,0.0
Aluminium ores and concentrates,IN,63.3039500456,-0.0004444506247613443
Aluminium ores and concentrates,IT,345.382371744,-0.0005615715244237084
Aluminium ores and concentrates,JP,0.0,0.0
Aluminium ores and concentrates,KR,0.0,0.0
Aluminium ores and concentrates,LT,0.0,0.0
Aluminium ores and concentrates,LU,0.0,0.0
Aluminium ores and concentrates,LV,0.0,0.0
Aluminium ores and concentrates,MT,0.0,0.0
Aluminium ores and concentrates,MX,0.0,0.0
Aluminium ores and concentrates,NL,0.0,0.0
Aluminium ores and concentrates,NO,0.0,0.0
Aluminium ores and concentrates,PL,0.0,0.0
Aluminium ores and concentrates,PT,0.0,0.0
Aluminium ores and concentrates,RO,0.0,0.0
Aluminium ores and concentrates,RU,87.5289640466,-2.7162210351361494e-05
Aluminium ores and concentrates,SE,0.0,0.0
Aluminium ores and concentrates,SI,0.0,0.0
Aluminium ores and concentrates,SK,0.0,0.0
Aluminium ores and concentrates,TR,277.745383024,-0.0025645881554842947
Aluminium ores and concentrates,TW,240.735987175,-0.00020149936772964668
Aluminium ores and concentrates,US,61.6295336059,-0.0002447737350845852
Aluminium ores and concentrates,WA,445.836642213,-0.0017236572195469474
Aluminium ores and concentrates,WE,144.010694731,-4.30997175946929e-05
Aluminium ores and concentrates,WF,353.253815291,-0.002654652153855564
Aluminium ores and concentrates,WL,421.783559222,-0.00032117834088756165
Aluminium ores and concentrates,WM,0.0,0.0
Aluminium ores and concentrates,ZA,0.0,0.0
Basic iron and steel and of ferro-alloys and first products thereof,AT,4977.55358866,-0.052910594690622495
Basic iron and steel and of ferro-alloys and first products thereof,AU,11920.5249421,-0.6899370599010497
Basic iron and steel and of ferro-alloys and first products thereof,BE,8769.98102638,-0.0786886779029646
Basic iron and steel and of ferro-alloys and first products thereof,BG,335.866242412,-0.0034298354579884727
Basic iron and steel and of ferro-alloys and first products thereof,BR,50470.2685827,-1.0841797231845947
Basic iron and steel and of ferro-alloys and first products thereof,CA,32211.5883643,-0.5083605908128181
Basic iron and steel and of ferro-alloys and first products thereof,CH,1235.22634818,-0.003406203148764613
Basic iron and steel and of ferro-alloys and first products thereof,CN,1576271.53014,-10.30125645591401
Basic iron and steel and of ferro-alloys and first products thereof,CY,78.4887814687,-5.603722857510335e-05
Basic iron and steel and of ferro-alloys and first products thereof,CZ,6906.19443192,-0.011558397858748876
Basic iron and steel and of ferro-alloys and first products thereof,DE,98371.3301901,-0.17333096935839631
Basic iron and steel and of ferro-alloys and first products thereof,DK,2254.42555552,-0.0019963848784591794
Basic iron and steel and of ferro-alloys and first products thereof,EE,554.86917086,-0.00022486549437751444
Basic iron and steel and of ferro-alloys and first products thereof,ES,32815.4783877,-0.09470476771525367
Basic iron and steel and of ferro-alloys and first products thereof,FI,9327.9240438,-0.0180464634464591
Basic iron and steel and of ferro-alloys and first products thereof,FR,36902.145357,-0.14789777273818183
Basic iron and steel and of ferro-alloys and first products thereof,GB,23626.7865492,-0.14542474826345944
Basic iron and steel and of ferro-alloys and first products thereof,GR,4002.74669845,-0.013258599439012869
Basic iron and steel and of ferro-alloys and first products thereof,HR,779.62247634,-0.0007867132875803647
Basic iron and steel and of ferro-alloys and first products thereof,HU,573.651510555,-0.0014711802544971951
Basic iron and steel and of ferro-alloys and first products thereof,ID,28063.8922122,-2.6690837252554114
Basic iron and steel and of ferro-alloys and first products thereof,IE,304.716491426,-0.0008556240975523
Basic iron and steel and of ferro-alloys and first products thereof,IN,168511.250647,-8.228572017384792
Basic iron and steel and of ferro-alloys and first products thereof,IT,54736.4503124,-0.16772261619508783
Basic iron and steel and of ferro-alloys and first products thereof,JP,205709.449824,-3.0445308722402507
Basic iron and steel and of ferro-alloys and first products thereof,KR,164202.162798,-2.0682620741074063
Basic iron and steel and of ferro-alloys and first products thereof,LT,10.5462183967,-5.9408338417239e-06
Basic iron and steel and of ferro-alloys and first products thereof,LU,608.192509525,-0.001979795069420334
Basic iron and steel and of ferro-alloys and first products thereof,LV,1876.6383336,-0.0005253646171500055
Basic iron and steel and of ferro-alloys and first products thereof,MT,0.0552715504823,-1.737987535320847e-07
Basic iron and steel and of ferro-alloys and first products thereof,MX,35841.4611981,-0.18559338515471804
Basic iron and steel and of ferro-alloys and first products thereof,NL,1512.33123068,-0.024532460253612894
Basic iron and steel and of ferro-alloys and first products thereof,NO,1853.1917373,-0.0035396038048129685
Basic iron and steel and of ferro-alloys and first products thereof,PL,27952.3792189,-0.031223670542754708
Basic iron and steel and of ferro-alloys and first products thereof,PT,4069.19439044,-0.016399133831863175
Basic iron and steel and of ferro-alloys and first products thereof,RO,4659.14739212,-0.02970172344710689
Basic iron and steel and of ferro-alloys and first products thereof,RU,68916.0077572,-0.05929137161063627
Basic iron and steel and of ferro-alloys and first products thereof,SE,10261.0187758,-0.03548381915974599
Basic iron and steel and of ferro-alloys and first products thereof,SI,2288.56302977,-0.007429560625293343
Basic iron and steel and of ferro-alloys and first products thereof,SK,1007.32881893,-0.0023786522530678325
Basic iron and steel and of ferro-alloys and first products thereof,TR,74268.365993,-0.1767123823151933
Basic iron and steel and of ferro-alloys and first products thereof,TW,100727.499584,-0.00283418907681795
Basic iron and steel and of ferro-alloys and first products thereof,US,205998.706778,-2.9196723338412722
Basic iron and steel and of ferro-alloys and first products thereof,WA,145998.414141,-5.25835077444974
Basic iron and steel and of ferro-alloys and first products thereof,WE,14739.812353,-0.1237437849328095
Basic iron and steel and of ferro-alloys and first products thereof,WF,27799.8163563,-0.32547213306985295
Basic iron and steel and of ferro-alloys and first products thereof,WL,28642.6043567,-0.24298096394537497
Basic iron and steel and of ferro-alloys and first products thereof,WM,77625.4967214,-3.2927753660538626
Basic iron and steel and of ferro-alloys and first products thereof,ZA,18732.4655732,-0.13327217831142854
Copper ores and concentrates,AT,0.0,0.0
Copper ores and concentrates,AU,1217.54166304,-0.005772759847172084
Copper ores and concentrates,BE,0.0,0.0
Copper ores and concentrates,BG,4689.66355003,-0.007829687317582547
Copper ores and concentrates,BR,164.578921747,-4.220882145580888e-05
Copper ores and concentrates,CA,0.154263949143,-6.117510908699033e-08
Copper ores and concentrates,CH,0.0,0.0
Copper ores and concentrates,CN,1032.51146091,-0.018775999672976516
Copper ores and concentrates,CY,43.2493505924,-2.624545058198582e-06
Copper ores and concentrates,CZ,0.0,0.0
Copper ores and concentrates,DE,0.0,0.0
Copper ores and concentrates,DK,0.0,0.0
Copper ores and concentrates,EE,0.0,0.0
Copper ores and concentrates,ES,3790.30149904,-0.09148901979742416
Copper ores and concentrates,FI,838.963827784,-0.00012519630385053113
Copper ores and concentrates,FR,0.0,0.0
Copper ores and concentrates,GB,0.0,0.0
Copper ores and concentrates,GR,0.0,0.0
Copper ores and concentrates,HR,0.0,0.0
Copper ores and concentrates,HU,0.0,0.0
Copper ores and concentrates,ID,17.4853351606,-5.933761800137923e-06
Copper ores and concentrates,IE,0.0,0.0
Copper ores and concentrates,IN,6.10591015926,-5.8031179813740226e-05
Copper ores and concentrates,IT,0.0,0.0
Copper ores and concentrates,JP,0.0,0.0
Copper ores and concentrates,KR,4.10819108449,-5.16081733573573e-06
Copper ores and concentrates,LT,0.00301192169283,-8.46475517919339e-11
Copper ores and concentrates,LU,0.0,0.0
Copper ores and concentrates,LV,0.0,0.0
Copper ores and concentrates,MT,0.0,0.0
Copper ores and concentrates,MX,0.0,0.0
Copper ores and concentrates,NL,0.0,0.0
Copper ores and concentrates,NO,0.0,0.0
Copper ores and concentrates,PL,958.838207015,-0.0006919627395195789
Copper ores and concentrates,PT,957.47842835,-0.00018649261789066446
Copper ores and concentrates,RO,0.245069988895,-7.423152052117012e-07
Copper ores and concentrates,RU,191.812470064,-1.3511421631760804e-05
Copper ores and concentrates,SE,3531.24241324,-0.00034172744905064747
Copper ores and concentrates,SI,0.0,0.0
Copper ores and concentrates,SK,26.2062977964,-1.8234487644821575e-06
Copper ores and concentrates,TR,1650.06316852,-0.04304192450482953
Copper ores and concentrates,TW,3972.30456306,-0.00013932952705619268
Copper ores and concentrates,US,328.592963067,-0.0011607075704137507
Copper ores and concentrates,WA,588.408614225,-0.005103523027038561
Copper ores and concentrates,WE,614.062540984,-0.003948598463563013
Copper ores and concentrates,WF,2105.87010175,-0.008777433917330685
Copper ores and concentrates,WL,377.160482924,-0.0001892936013701084
Copper ores and concentrates,WM,1476.91929863,-0.004523567894137884
Copper ores and concentrates,ZA,196.986391542,-0.00012225266278873649
Copper products,AT,4571.84825857,-0.004754571405584773
Copper products,AU,4201.92236179,-0.3289301090477636
Copper products,BE,16624.3083451,-0.08818179840898928
Copper products,BG,11475.3634646,-0.26880212522579755
Copper products,BR,3398.5409306,-0.10191351934134583
Copper products,CA,9711.02022073,-0.18163448272438382
Copper products,CH,326.608091371,-0.0005172443754987095
Copper products,CN,132702.771788,-1.9534107871555277
Copper products,CY,129.507480455,-6.520742638568204e-05
Copper products,CZ,1597.03656249,-0.0044348859330815
Copper products,DE,28058.1647851,-0.1370783397646731
Copper products,DK,254.855532032,-0.00022159862808661266
Copper products,EE,95.1313431769,-6.786321732787825e-05
Copper products,ES,5028.42270072,-0.10945559411143568
Copper products,FI,3193.2179973,-0.013460480297988266
Copper products,FR,8984.2070668,-0.030679165808734848
Copper products,GB,8527.57996275,-0.09077300460431593
Copper products,GR,1153.27192851,-0.0051502901283900955
Copper products,HR,244.885215693,-0.0002461058333115316
Copper products,HU,11.8534197679,-2.0026328123399922e-05
Copper products,ID,9234.87893096,-1.021213591261246
Copper products,IE,25.994055489,-0.00014006952442566982
Copper products,IN,23129.0149791,-1.2788861959493463
Copper products,IT,12028.0939916,-0.07270185850145894
Copper products,JP,16894.1751504,-0.9445196680202999
Copper products,KR,25786.4607158,-1.1329226768929321
Copper products,LT,19.0394847014,-0.00021951149792034935
Copper products,LU,106.232147365,-0.003950232858509833
Copper products,LV,221.319965135,-0.0006822895037810804
Copper products,MT,0.00447445498171,-9.408863799042747e-08
Copper products,MX,15409.4948799,-0.1045361826442044
Copper products,NL,6266.26697424,-0.0312312508673613
Copper products,NO,585.167946363,-0.0028243146663620316
Copper products,PL,2345.13587986,-0.08074186771930077
Copper products,PT,607.915889748,-0.03242201359675703
Copper products,RO,2087.49939257,-0.0019166438681666837
Copper products,RU,13527.8501108,-0.027992585270836024
Copper products,SE,8502.44600934,-0.018363721321796485
Copper products,SI,376.692285078,-0.0005467123475512328
Copper products,SK,2048.43546658,-0.0009103883228038967
Copper products,TR,6473.27668834,-0.2608378429706389
Copper products,TW,4227.9871297,-0.00024167403886752952
Copper products,US,56118.3294515,-0.5730276398384385
Copper products,WA,17466.391153,-1.5873491734126755
Copper products,WE,4013.32320003,-0.07137034910577714
Copper products,WF,7796.24050669,-1.0872168514788751
Copper products,WL,45242.0629118,-7.134911921941268
Copper products,WM,15468.065679,-0.5665583044314707
Copper products,ZA,517.402367486,-0.09736176023838365
Electrical machinery and apparatus n.e.c. (31),AT,0.0,0.0
Electrical machinery and apparatus n.e.c. (31),AU,20311.1825061,-0.07708397812453505
Electrical machinery and apparatus n.e.c. (31),BE,3848.34357753,-0.006156646461291014
Electrical machinery and apparatus n.e.c. (31),BG,0.0,0.0
Electrical machinery and apparatus n.e.c. (31),BR,14911.1874747,-0.13287731192426344
Electrical machinery and apparatus n.e.c. (31),CA,7176.77544009,-0.06753062815243403
Electrical machinery and apparatus n.e.c. (31),CH,776.465314744,-0.0002786851642107404
Electrical machinery and apparatus n.e.c. (31),CN,1054132.87514,-7.263687884907873
Electrical machinery and apparatus n.e.c. (31),CY,274.017418087,-5.893200224893392e-05
Electrical machinery and apparatus n.e.c. (31),CZ,639.272186495,-3.870367170116403e-05
Electrical machinery and apparatus n.e.c. (31),DE,5114.34141582,-0.0157777090771359
Electrical machinery and apparatus n.e.c. (31),DK,0.0,0.0
Electrical machinery and apparatus n.e.c. (31),EE,0.0,0.0
Electrical machinery and apparatus n.e.c. (31),ES,21001.6418505,-0.07417983973786366
Electrical machinery and apparatus n.e.c. (31),FI,0.0,0.0
Electrical machinery and apparatus n.e.c. (31),FR,5839.34624108,-0.005143836713256824
Electrical machinery and apparatus n.e.c. (31),GB,4385.26245859,-0.006439418982637194
Electrical machinery and apparatus n.e.c. (31),GR,1546.21031072,-0.013071559908958664
Electrical machinery and apparatus n.e.c. (31),HR,0.0,0.0
Electrical machinery and apparatus n.e.c. (31),HU,0.0,0.0
Electrical machinery and apparatus n.e.c. (31),ID,9369.13793315,-0.0771766432576917
Electrical machinery and apparatus n.e.c. (31),IE,0.0,0.0
Electrical machinery and apparatus n.e.c. (31),IN,41002.5357891,-1.2461992267166526
Electrical machinery and apparatus n.e.c. (31),IT,11285.3481337,-0.10597176281726563
Electrical machinery and apparatus n.e.c. (31),JP,39970.0695798,-0.5756325609971455
Electrical machinery and apparatus n.e.c. (31),KR,25609.8817919,-0.6841276608780399
Electrical machinery and apparatus n.e.c. (31),LT,839.509467037,-1.8872962341982244e-05
Electrical machinery and apparatus n.e.c. (31),LU,137.649044889,-1.933071608288556e-05
Electrical machinery and apparatus n.e.c. (31),LV,1115.03615954,-0.0007397373836632507
Electrical machinery and apparatus n.e.c. (31),MT,0.0,0.0
Electrical machinery and apparatus n.e.c. (31),MX,15305.31381,-0.11026802553145068
Electrical machinery and apparatus n.e.c. (31),NL,0.0,0.0
Electrical machinery and apparatus n.e.c. (31),NO,3760.68439826,-0.00019866772151492848
Electrical machinery and apparatus n.e.c. (31),PL,4201.25479144,-0.0013124728035515236
Electrical machinery and apparatus n.e.c. (31),PT,3381.08438096,-0.012381325928690854
Electrical machinery and apparatus n.e.c. (31),RO,0.0,0.0
Electrical machinery and apparatus n.e.c. (31),RU,12131.6226269,-0.009254204157022652
Electrical machinery and apparatus n.e.c. (31),SE,2200.93360306,-0.00022798642233663074
Electrical machinery and apparatus n.e.c. (31),SI,0.0,0.0
Electrical machinery and apparatus n.e.c. (31),SK,0.0,0.0
Electrical machinery and apparatus n.e.c. (31),TR,2315.86115835,-0.004477347691671375
Electrical machinery and apparatus n.e.c. (31),TW,4110.77680149,-0.0013074739179167482
Electrical machinery and apparatus n.e.c. (31),US,183002.803732,-2.9498025174456166
Electrical machinery and apparatus n.e.c. (31),WA,36202.4432825,-0.6761156705851131
Electrical machinery and apparatus n.e.c. (31),WE,5241.80744336,-0.008348304515390804
Electrical machinery and apparatus n.e.c. (31),WF,10723.3095772,-0.03712959009866026
Electrical machinery and apparatus n.e.c. (31),WL,15392.695279,-0.08087102641212678
Electrical machinery and apparatus n.e.c. (31),WM,20476.4818345,-0.18545044859651236
Electrical machinery and apparatus n.e.c. (31),ZA,4133.04386413,-0.06576487680503383
"Fabricated metal products, except machinery and equipment (28)",AT,30082.3683061,-0.030482653217302667
"Fabricated metal products, except machinery and equipment (28)",AU,27895.6053448,-0.0314047803563449
"Fabricated metal products, except machinery and equipment (28)",BE,22264.6708733,-0.055369124350309426
"Fabricated metal products, except machinery and equipment (28)",BG,4977.57935274,-0.009251359825132277
"Fabricated metal products, except machinery and equipment (28)",BR,32909.238927,-0.037701497863387466
"Fabricated metal products, except machinery and equipment (28)",CA,28223.2736622,-0.354977137066465
"Fabricated metal products, except machinery and equipment (28)",CH,37773.2600942,-0.06324490199899602
"Fabricated metal products, except machinery and equipment (28)",CN,1021275.93625,-7.298728643045769
"Fabricated metal products, except machinery and equipment (28)",CY,722.392780484,-0.00013782056056045093
"Fabricated metal products, except machinery and equipment (28)",CZ,25955.1584186,-0.023146072101730034
"Fabricated metal products, except machinery and equipment (28)",DE,232826.91715,-0.17388002069580438
"Fabricated metal products, except machinery and equipment (28)",DK,19865.8993765,-0.011779138384767835
"Fabricated metal products, except machinery and equipment (28)",EE,3259.48883193,-0.0010809433454810342
"Fabricated metal products, except machinery and equipment (28)",ES,61527.5990053,-0.028389750035772564
"Fabricated metal products, except machinery and equipment (28)",FI,10753.7824953,-0.003948270509141372
"Fabricated metal products, except machinery and equipment (28)",FR,92688.7173564,-0.03250859130337034
"Fabricated metal products, except machinery and equipment (28)",GB,51096.9907389,-0.14702778551581047
"Fabricated metal products, except machinery and equipment (28)",GR,6899.9327939,-0.06382623958273949
"Fabricated metal products, except machinery and equipment (28)",HR,3462.89455601,-0.0017179877965794747
"Fabricated metal products, except machinery and equipment (28)",HU,2003.68061511,-0.0012690232872138764
"Fabricated metal products, except machinery and equipment (28)",ID,39434.2337189,-0.11408485770210923
"Fabricated metal products, except machinery and equipment (28)",IE,3133.54323767,-0.006903707748918523
"Fabricated metal products, except machinery and equipment (28)",IN,74474.4765676,-1.221920230298634
"Fabricated metal products, except machinery and equipment (28)",IT,121980.374734,-0.03976408618857606
"Fabricated metal products, except machinery and equipment (28)",JP,139986.7936,-1.802561270226958
"Fabricated metal products, except machinery and equipment (28)",KR,110649.314455,-0.7515428753647414
"Fabricated metal products, except machinery and equipment (28)",LT,1010.36799696,-0.0007248389000301203
"Fabricated metal products, except machinery and equipment (28)",LU,1761.61490722,-0.005728719609875232
"Fabricated metal products, except machinery and equipment (28)",LV,1527.6184301,-0.0013063578374766737
"Fabricated metal products, except machinery and equipment (28)",MT,13.5454683768,-2.9115647957461925e-05
"Fabricated metal products, except machinery and equipment (28)",MX,55012.5055558,-0.7633359116120942
"Fabricated metal products, except machinery and equipment (28)",NL,46512.770355,-0.08636405228725424
"Fabricated metal products, except machinery and equipment (28)",NO,9834.77055033,-0.0025380608248574098
"Fabricated metal products, except machinery and equipment (28)",PL,57531.5720195,-0.04476364583583522
"Fabricated metal products, except machinery and equipment (28)",PT,11905.3540427,-0.02983969612225391
"Fabricated metal products, except machinery and equipment (28)",RO,9842.52816327,-0.016788428943023327
"Fabricated metal products, except machinery and equipment (28)",RU,43226.1392355,-0.004127691786308232
"Fabricated metal products, except machinery and equipment (28)",SE,25110.2519176,-0.017363208525155726
"Fabricated metal products, except machinery and equipment (28)",SI,6923.99398556,-0.008538916585610928
"Fabricated metal products, except machinery and equipment (28)",SK,12962.1061263,-0.013136901862485659
"Fabricated metal products, except machinery and equipment (28)",TR,48359.4961172,-0.16398800018343548
"Fabricated metal products, except machinery and equipment (28)",TW,54989.6915714,-0.005536377814103692
"Fabricated metal products, except machinery and equipment (28)",US,426505.01516,-7.154503698349135
"Fabricated metal products, except machinery and equipment (28)",WA,125491.252596,-2.3766329828966763
"Fabricated metal products, except machinery and equipment (28)",WE,15523.3739958,-0.014908127153153183
"Fabricated metal products, except machinery and equipment (28)",WF,27397.2455451,-0.01009959385143008
"Fabricated metal products, except machinery and equipment (28)",WL,57818.8935665,-0.15498345298669053
"Fabricated metal products, except machinery and equipment (28)",WM,70350.9246113,-1.0334975797211108
"Fabricated metal products, except machinery and equipment (28)",ZA,8305.63024962,-0.08584277654299798
"Lead, zinc and tin and products thereof",AT,336.821113362,-0.0008063503724574609
"Lead, zinc and tin and products thereof",AU,2399.88724307,-0.1878241719318629
"Lead, zinc and tin and products thereof",BE,512.437670727,-0.005447944573475672
"Lead, zinc and tin and products thereof",BG,2433.19661171,-0.0007231316085369685
"Lead, zinc and tin and products thereof",BR,1027.09108593,-0.020176264945913524
"Lead, zinc and tin and products thereof",CA,3551.12712102,-0.0431854306779241
"Lead, zinc and tin and products thereof",CH,98.3369116032,-0.00018935785463188146
"Lead, zinc and tin and products thereof",CN,71429.1685432,-4.380303662691909
"Lead, zinc and tin and products thereof",CY,10.6136815124,-1.242840950246098e-06
"Lead, zinc and tin and products thereof",CZ,1315.3727496,-0.002858721237615645
"Lead, zinc and tin and products thereof",DE,5840.90473881,-0.029418939819529543
"Lead, zinc and tin and products thereof",DK,229.99673695,-2.534508105704607e-05
"Lead, zinc and tin and products thereof",EE,43.7011207735,-9.732023742925692e-06
"Lead, zinc and tin and products thereof",ES,722.544874752,-0.0035910803242222566
"Lead, zinc and tin and products thereof",FI,1458.94937396,-0.001531447035669591
"Lead, zinc and tin and products thereof",FR,366.250661351,-0.0007461196511877116
"Lead, zinc and tin and products thereof",GB,5493.80911089,-0.03324531832112281
"Lead, zinc and tin and products thereof",GR,14.292035293,-5.048070976591965e-05
"Lead, zinc and tin and products thereof",HR,6.79559600413,-6.967413327191282e-06
"Lead, zinc and tin and products thereof",HU,1.06994703466,-1.9244584893426404e-05
"Lead, zinc and tin and products thereof",ID,2642.90991484,-0.048872262250144884
"Lead, zinc and tin and products thereof",IE,221.220947136,-0.0006093982074697542
"Lead, zinc and tin and products thereof",IN,3400.86334388,-0.1624356503596977
"Lead, zinc and tin and products thereof",IT,2569.73616675,-0.0035359892943554465
"Lead, zinc and tin and products thereof",JP,2982.26773617,-0.05870912809841321
"Lead, zinc and tin and products thereof",KR,6013.39765105,-0.31947888425448023
"Lead, zinc and tin and products thereof",LT,24.8815160156,-8.933974684966959e-06
"Lead, zinc and tin and products thereof",LU,51.9125703382,-0.00046542403544061917
"Lead, zinc and tin and products thereof",LV,12.422685658,-4.949793711298793e-06
"Lead, zinc and tin and products thereof",MT,0.0168524371245,-8.237182568206095e-10
"Lead, zinc and tin and products thereof",MX,5873.45739996,-0.015749729923342403
"Lead, zinc and tin and products thereof",NL,3036.04211455,-0.008361059577087335
"Lead, zinc and tin and products thereof",NO,380.39400728,-0.00022491675741788923
"Lead, zinc and tin and products thereof",PL,2784.31844164,-0.002662807447051178
"Lead, zinc and tin and products thereof",PT,368.38492027,-0.0015213506624142054
"Lead, zinc and tin and products thereof",RO,1786.94753352,-3.4331009201904864e-05
"Lead, zinc and tin and products thereof",RU,603.73968915,-0.0009589843582361458
"Lead, zinc and tin and products thereof",SE,1223.95414353,-0.0010763992214499114
"Lead, zinc and tin and products thereof",SI,163.582589827,-0.0001026984341347559
"Lead, zinc and tin and products thereof",SK,832.350705435,-0.00034151971215535686
"Lead, zinc and tin and products thereof",TR,409.523094759,-0.0066552911246412156
"Lead, zinc and tin and products thereof",TW,1322.28875814,-0.0005655697672579304
"Lead, zinc and tin and products thereof",US,2221.31725532,-0.019844824343043427
"Lead, zinc and tin and products thereof",WA,7239.55691107,-0.2661105144140758
"Lead, zinc and tin and products thereof",WE,895.850902374,-0.0023110134546140116
"Lead, zinc and tin and products thereof",WF,2360.14467907,-0.1620665299788209
"Lead, zinc and tin and products thereof",WL,3361.18787448,-0.06880438012746859
"Lead, zinc and tin and products thereof",WM,4451.79301288,-0.14803427582390066
"Lead, zinc and tin and products thereof",ZA,175.842598926,-0.025766839622701692
"Lead, zinc and tin ores and concentrates",AT,0.0,0.0
"Lead, zinc and tin ores and concentrates",AU,403.284797942,-0.002330499530481265
"Lead, zinc and tin ores and concentrates",BE,0.0,0.0
"Lead, zinc and tin ores and concentrates",BG,576.360670653,-4.341705981898977e-05
"Lead, zinc and tin ores and concentrates",BR,320.448318836,-0.000618932724588474
"Lead, zinc and tin ores and concentrates",CA,23.4948571867,-1.298755957107662e-06
"Lead, zinc and tin ores and concentrates",CH,0.0,0.0
"Lead, zinc and tin ores and concentrates",CN,135.843085937,-0.0029274668790441427
"Lead, zinc and tin ores and concentrates",CY,0.0,0.0
"Lead, zinc and tin ores and concentrates",CZ,8.19330766665,-7.360014713022688e-07
"Lead, zinc and tin ores and concentrates",DE,97.2529817719,-9.539336913281531e-05
"Lead, zinc and tin ores and concentrates",DK,0.0,0.0
"Lead, zinc and tin ores and concentrates",EE,0.0,0.0
"Lead, zinc and tin ores and concentrates",ES,1318.2428521,-0.0006148114987519151
"Lead, zinc and tin ores and concentrates",FI,230.476582045,-7.978263091412065e-05
"Lead, zinc and tin ores and concentrates",FR,0.0,0.0
"Lead, zinc and tin ores and concentrates",GB,32.3314474226,-6.143701181491415e-05
"Lead, zinc and tin ores and concentrates",GR,32.0199200892,-2.5263316479774697e-05
"Lead, zinc and tin ores and concentrates",HR,0.00805086895125,-7.068423539417646e-10
"Lead, zinc and tin ores and concentrates",HU,0.0,0.0
"Lead, zinc and tin ores and concentrates",ID,34.1241895463,-2.3883539144325052e-05
"Lead, zinc and tin ores and concentrates",IE,1596.36133391,-0.0005045580407856514
"Lead, zinc and tin ores and concentrates",IN,35.7349948879,-0.0002436157729603034
"Lead, zinc and tin ores and concentrates",IT,6.42782122292,-3.648829648250919e-08
"Lead, zinc and tin ores and concentrates",JP,0.0,0.0
"Lead, zinc and tin ores and concentrates",KR,22.6581194728,-2.8496097182140037e-05
"Lead, zinc and tin ores and concentrates",LT,0.0,0.0
"Lead, zinc and tin ores and concentrates",LU,0.0,0.0
"Lead, zinc and tin ores and concentrates",LV,0.0,0.0
"Lead, zinc and tin ores and concentrates",MT,0.0,0.0
"Lead, zinc and tin ores and concentrates",MX,0.0,0.0
"Lead, zinc and tin ores and concentrates",NL,0.0,0.0
"Lead, zinc and tin ores and concentrates",NO,0.0,0.0
"Lead, zinc and tin ores and concentrates",PL,48.6720661569,-1.1185101176012742e-05
"Lead, zinc and tin ores and concentrates",PT,19.3291184835,-0.00015170313637626057
"Lead, zinc and tin ores and concentrates",RO,0.512869348732,-1.0768613920943001e-07
"Lead, zinc and tin ores and concentrates",RU,49.5020121337,-2.8785921812305147e-06
"Lead, zinc and tin ores and concentrates",SE,1192.37611197,-7.237850446470916e-05
"Lead, zinc and tin ores and concentrates",SI,0.0,0.0
"Lead, zinc and tin ores and concentrates",SK,5.11016559854,-1.4457723941127815e-07
"Lead, zinc and tin ores and concentrates",TR,434.702526524,-0.0122211841266033
"Lead, zinc and tin ores and concentrates",TW,2196.63101464,-0.00016452191198409018
"Lead, zinc and tin ores and concentrates",US,622.646936048,-0.005681630277221495
"Lead, zinc and tin ores and concentrates",WA,949.99690643,-0.007235496460183562
"Lead, zinc and tin ores and concentrates",WE,115.838499075,-0.00018364159938097865
"Lead, zinc and tin ores and concentrates",WF,1624.06006425,-0.05799700991937318
"Lead, zinc and tin ores and concentrates",WL,153.425328577,-0.00016148813117560266
"Lead, zinc and tin ores and concentrates",WM,0.0,0.0
"Lead, zinc and tin ores and concentrates",ZA,45.4586160071,-1.3206753867588416e-05
Machinery and equipment n.e.c. (29),AT,46007.5022522,-0.04094335145138619
Machinery and equipment n.e.c. (29),AU,0.0,0.0
Machinery and equipment n.e.c. (29),BE,32503.7150916,-0.050048927998871964
Machinery and equipment n.e.c. (29),BG,0.0,0.0
Machinery and equipment n.e.c. (29),BR,0.0,0.0
Machinery and equipment n.e.c. (29),CA,0.0,0.0
Machinery and equipment n.e.c. (29),CH,0.0,0.0
Machinery and equipment n.e.c. (29),CN,300.790599304,-0.003032346651061749
Machinery and equipment n.e.c. (29),CY,361.874026026,-0.00024734203103005066
Machinery and equipment n.e.c. (29),CZ,30312.2407162,-0.034989404120263995
Machinery and equipment n.e.c. (29),DE,461383.770935,-0.46946067567709643
Machinery and equipment n.e.c. (29),DK,1572.10228127,-0.0004226799639617628
Machinery and equipment n.e.c. (29),EE,1842.31642182,-0.0016503467101601477
Machinery and equipment n.e.c. (29),ES,76236.5670893,-0.032320548260653496
Machinery and equipment n.e.c. (29),FI,21261.6719416,-0.023752316880257647
Machinery and equipment n.e.c. (29),FR,114776.112551,-0.07093309780437414
Machinery and equipment n.e.c. (29),GB,4782.12428906,-0.01235732636045548
Machinery and equipment n.e.c. (29),GR,0.0,0.0
Machinery and equipment n.e.c. (29),HR,3818.31401572,-0.009558363098884484
Machinery and equipment n.e.c. (29),HU,2018.13269959,-0.0014351152727742494
Machinery and equipment n.e.c. (29),ID,0.0,0.0
Machinery and equipment n.e.c. (29),IE,4579.53796836,-0.009348170810708809
Machinery and equipment n.e.c. (29),IN,0.0,0.0
Machinery and equipment n.e.c. (29),IT,162993.709583,-0.2462845672604659
Machinery and equipment n.e.c. (29),JP,0.0285317015743,-1.215829935094428e-07
Machinery and equipment n.e.c. (29),KR,6.28340099193,-3.031063727209445e-08
Machinery and equipment n.e.c. (29),LT,419.41631962,-0.00017963812051490898
Machinery and equipment n.e.c. (29),LU,1240.47304196,-0.012043386908310005
Machinery and equipment n.e.c. (29),LV,2814.02861991,-0.001356854223291409
Machinery and equipment n.e.c. (29),MT,0.0,0.0
Machinery and equipment n.e.c. (29),MX,0.0,0.0
Machinery and equipment n.e.c. (29),NL,81406.8332559,-0.12989289167040952
Machinery and equipment n.e.c. (29),NO,16593.5055347,-0.011082068560638347
Machinery and equipment n.e.c. (29),PL,50334.7546647,-0.057072661571616466
Machinery and equipment n.e.c. (29),PT,8389.55016756,-0.014716924052621138
Machinery and equipment n.e.c. (29),RO,13708.5758971,-0.0362661864370333
Machinery and equipment n.e.c. (29),RU,0.0,0.0
Machinery and equipment n.e.c. (29),SE,43342.3773907,-0.04442042733772761
Machinery and equipment n.e.c. (29),SI,4317.17415584,-0.007261587341007465
Machinery and equipment n.e.c. (29),SK,11493.7752301,-0.023824388770661512
Machinery and equipment n.e.c. (29),TR,1544.37391279,-0.00022208605728257438
Machinery and equipment n.e.c. (29),TW,0.0,0.0
Machinery and equipment n.e.c. (29),US,403842.523618,-9.551674783096058
Machinery and equipment n.e.c. (29),WA,0.0,0.0
Machinery and equipment n.e.c. (29),WE,0.0,0.0
Machinery and equipment n.e.c. (29),WF,0.0,0.0
Machinery and equipment n.e.c. (29),WL,0.0,0.0
Machinery and equipment n.e.c. (29),WM,0.0,0.0
Machinery and equipment n.e.c. (29),ZA,0.0,0.0
Nickel ores and concentrates,AT,0.0,0.0
Nickel ores and concentrates,AU,1768.49893331,-0.20820659179964426
Nickel ores and concentrates,BE,0.0,0.0
Nickel ores and concentrates,BG,0.0,0.0
Nickel ores and concentrates,BR,274.338005397,-0.0018453096413329662
Nickel ores and concentrates,CA,0.0112920221805,-5.965440628604061e-08
Nickel ores and concentrates,CH,0.0,0.0
Nickel ores and concentrates,CN,143.194319902,-0.004182047265380373
Nickel ores and concentrates,CY,0.0,0.0
Nickel ores and concentrates,CZ,22.3971460947,-2.2799583031902637e-06
Nickel ores and concentrates,DE,0.0,0.0
Nickel ores and concentrates,DK,0.902896742934,-1.71485559158717e-08
Nickel ores and concentrates,EE,0.0,0.0
Nickel ores and concentrates,ES,1658.00285812,-0.0002578164985944691
Nickel ores and concentrates,FI,3467.93179299,-0.018030136036525077
Nickel ores and concentrates,FR,74.1533525177,-0.00016430444464307154
Nickel ores and concentrates,GB,0.0,0.0
Nickel ores and concentrates,GR,19721.6872919,-0.02147491497666521
Nickel ores and concentrates,HR,0.245204083079,-8.040431322358113e-09
Nickel ores and concentrates,HU,0.0,0.0
Nickel ores and concentrates,ID,7.31576168656,-1.5072084847482e-05
Nickel ores and concentrates,IE,0.0,0.0
Nickel ores and concentrates,IN,0.0,0.0
Nickel ores and concentrates,IT,0.0,0.0
Nickel ores and concentrates,JP,0.0,0.0
Nickel ores and concentrates,KR,5078.06725171,-0.06293136886046699
Nickel ores and concentrates,LT,0.0,0.0
Nickel ores and concentrates,LU,0.0,0.0
Nickel ores and concentrates,LV,0.0,0.0
Nickel ores and concentrates,MT,0.0,0.0
Nickel ores and concentrates,MX,0.0,0.0
Nickel ores and concentrates,NL,0.0,0.0
Nickel ores and concentrates,NO,0.00217363163905,-1.624457200916873e-10
Nickel ores and concentrates,PL,78.7980864289,-0.0004358869771584631
Nickel ores and concentrates,PT,0.0,0.0
Nickel ores and concentrates,RO,0.0,0.0
Nickel ores and concentrates,RU,121.015338847,-0.00013197002719133566
Nickel ores and concentrates,SE,77.2196096233,-9.651729672010528e-06
Nickel ores and concentrates,SI,0.0,0.0
Nickel ores and concentrates,SK,0.0,0.0
Nickel ores and concentrates,TR,93.9617154369,-0.07246282092993148
Nickel ores and concentrates,TW,0.0,0.0
Nickel ores and concentrates,US,0.0,0.0
Nickel ores and concentrates,WA,534.128502966,-0.005144711367740858
Nickel ores and concentrates,WE,164.31874317,-6.969336699457421e-05
Nickel ores and concentrates,WF,1112.43200656,-0.04063674070321364
Nickel ores and concentrates,WL,299.081572856,-0.0016335798283684203
Nickel ores and concentrates,WM,0.0,0.0
Nickel ores and concentrates,ZA,245.731591449,-0.002120508804428804
Other non-ferrous metal ores and concentrates,AT,2095.36276529,-0.00036615971233417425
Other non-ferrous metal ores and concentrates,AU,287.309444079,-0.0003734284843753281
Other non-ferrous metal ores and concentrates,BE,577.158325247,-0.0003705356945997608
Other non-ferrous metal ores and concentrates,BG,32.9772980313,-3.1411302274675024e-06
Other non-ferrous metal ores and concentrates,BR,101.844494206,-0.00022491923501475797
Other non-ferrous metal ores and concentrates,CA,119.066711445,-9.099244921609448e-06
Other non-ferrous metal ores and concentrates,CH,0.0,0.0
Other non-ferrous metal ores and concentrates,CN,579.824272196,-0.019456246264419545
Other non-ferrous metal ores and concentrates,CY,0.0,0.0
Other non-ferrous metal ores and concentrates,CZ,42.8259177025,-3.0012885339443424e-06
Other non-ferrous metal ores and concentrates,DE,99.3011773211,-0.00019450485118878972
Other non-ferrous metal ores and concentrates,DK,0.0,0.0
Other non-ferrous metal ores and concentrates,EE,0.0,0.0
Other non-ferrous metal ores and concentrates,ES,263.110682566,-0.0002478413351987481
Other non-ferrous metal ores and concentrates,FI,930.230409269,-3.169437389254823e-05
Other non-ferrous metal ores and concentrates,FR,20.815200564,-8.201910591521794e-06
Other non-ferrous metal ores and concentrates,GB,2022.29792238,-0.0009579059550128763
Other non-ferrous metal ores and concentrates,GR,8.06618911971,-3.145495471622696e-06
Other non-ferrous metal ores and concentrates,HR,0.0,0.0
Other non-ferrous metal ores and concentrates,HU,6.67120800585,-5.597541438708252e-07
Other non-ferrous metal ores and concentrates,ID,2.65690571983,-8.500575546089005e-08
Other non-ferrous metal ores and concentrates,IE,0.0,0.0
Other non-ferrous metal ores and concentrates,IN,97.9404114052,-0.0006273643395652354
Other non-ferrous metal ores and concentrates,IT,248.322697219,-0.0002769126890508642
Other non-ferrous metal ores and concentrates,JP,5924.47640142,-0.002829479045529586
Other non-ferrous metal ores and concentrates,KR,244.478319162,-0.0009458590412507452
Other non-ferrous metal ores and concentrates,LT,0.0,0.0
Other non-ferrous metal ores and concentrates,LU,0.0,0.0
Other non-ferrous metal ores and concentrates,LV,0.0,0.0
Other non-ferrous metal ores and concentrates,MT,0.0,0.0
Other non-ferrous metal ores and concentrates,MX,0.0,0.0
Other non-ferrous metal ores and concentrates,NL,91.3696286754,-0.00030884767998281973
Other non-ferrous metal ores and concentrates,NO,22.8340474799,-1.652457907938826e-06
Other non-ferrous metal ores and concentrates,PL,27.7201948687,-1.8530541178040018e-06
Other non-ferrous metal ores and concentrates,PT,94.4915407962,-1.8140763162496393e-05
Other non-ferrous metal ores and concentrates,RO,0.0585985561916,-2.4629087679234714e-08
Other non-ferrous metal ores and concentrates,RU,85.4280248153,-6.265529631988824e-06
Other non-ferrous metal ores and concentrates,SE,546.246361742,-2.046799162987684e-05
Other non-ferrous metal ores and concentrates,SI,0.0,0.0
Other non-ferrous metal ores and concentrates,SK,0.0,0.0
Other non-ferrous metal ores and concentrates,TR,477.349591092,-0.004266746014809026
Other non-ferrous metal ores and concentrates,TW,190.977058657,-3.124165849531247e-05
Other non-ferrous metal ores and concentrates,US,1.78771751021,-1.894359970627245e-05
Other non-ferrous metal ores and concentrates,WA,932.775222918,-0.006175956071208252
Other non-ferrous metal ores and concentrates,WE,68.0442275903,-0.0001859262789166539
Other non-ferrous metal ores and concentrates,WF,1401.53713507,-0.004302937270527873
Other non-ferrous metal ores and concentrates,WL,427.196344216,-0.00023231652461083068
Other non-ferrous metal ores and concentrates,WM,0.0,0.0
Other non-ferrous metal ores and concentrates,ZA,619.333693764,-0.0005088424630239572
Other non-ferrous metal products,AT,3421.40591723,-0.004715474994303015
Other non-ferrous metal products,AU,8777.69394914,-0.5386808226712335
Other non-ferrous metal products,BE,1197.83511239,-0.0066022171850083885
Other non-ferrous metal products,BG,436.274587224,-0.00015474667643067876
Other non-ferrous metal products,BR,1248.65411947,-0.02062476868721035
Other non-ferrous metal products,CA,10466.9561192,-0.016603256901263592
Other non-ferrous metal products,CH,118.100618314,-0.00034604211087167276
Other non-ferrous metal products,CN,81752.3293253,-1.3525421210129325
Other non-ferrous metal products,CY,2.46081196791,-1.3895716866202646e-06
Other non-ferrous metal products,CZ,153.941754543,-0.0003207578958648327
Other non-ferrous metal products,DE,4428.0510702,-0.02297352181804808
Other non-ferrous metal products,DK,173.236168489,-5.5149491394622384e-05
Other non-ferrous metal products,EE,113.760322237,-0.0002603134655777213
Other non-ferrous metal products,ES,366.412448672,-0.0017030141506648828
Other non-ferrous metal products,FI,2606.49930626,-0.021468681487361023
Other non-ferrous metal products,FR,541.52434887,-0.0021293257380283676
Other non-ferrous metal products,GB,4582.11185593,-0.04128419197733531
Other non-ferrous metal products,GR,5.58516754149,-4.834867751403893e-06
Other non-ferrous metal products,HR,1385.48962008,-4.904851091731097e-05
Other non-ferrous metal products,HU,2.1449663834,-4.6449479349301724e-07
Other non-ferrous metal products,ID,3752.56753918,-0.09469631190577801
Other non-ferrous metal products,IE,229.773588039,-0.0005419560837489813
Other non-ferrous metal products,IN,911.310032187,-0.018213694979427177
Other non-ferrous metal products,IT,318.752404765,-0.0024012481395366573
Other non-ferrous metal products,JP,13459.0584521,-0.09780040331004965
Other non-ferrous metal products,KR,1919.28499043,-0.04243256772786064
Other non-ferrous metal products,LT,0.739467433489,-5.884449798767343e-07
Other non-ferrous metal products,LU,26.2072673989,-0.00022574151263530024
Other non-ferrous metal products,LV,60.8896444324,-8.914524039582646e-06
Other non-ferrous metal products,MT,0.000782373766251,-1.887422032698853e-09
Other non-ferrous metal products,MX,1088.87815371,-0.002261545622562433
Other non-ferrous metal products,NL,2824.48978746,-0.005747628189904595
Other non-ferrous metal products,NO,1935.02991674,-0.007716848903869723
Other non-ferrous metal products,PL,17.1951322007,-2.199284573941066e-05
Other non-ferrous metal products,PT,307.827095596,-0.0001407695360813051
Other non-ferrous metal products,RO,202.573688466,-9.174995334595146e-05
Other non-ferrous metal products,RU,15569.5783917,-0.008241271651069429
Other non-ferrous metal products,SE,245.459185395,-0.001462482277678731
Other non-ferrous metal products,SI,147.17259597,-0.0004947760842225972
Other non-ferrous metal products,SK,198.199333149,-6.581879622778947e-05
Other non-ferrous metal products,TR,349.925615785,-0.0238858955192239
Other non-ferrous metal products,TW,2532.90599511,-7.869086068561024e-06
Other non-ferrous metal products,US,14028.302561,-0.18159786621681892
Other non-ferrous metal products,WA,14936.0484599,-0.21033768778592546
Other non-ferrous metal products,WE,1504.51613457,-0.0054078993552809365
Other non-ferrous metal products,WF,5548.38358383,-0.8053208081322671
Other non-ferrous metal products,WL,4164.93702,-0.02314906829586759
Other non-ferrous metal products,WM,10143.9315182,-0.3859503954647392
Other non-ferrous metal products,ZA,604.019382648,-0.060545591883020694
Precious metal ores and concentrates,AT,0.0,0.0
Precious metal ores and concentrates,AU,12034.7066593,-0.03054285162170162
Precious metal ores and concentrates,BE,0.0,0.0
Precious metal ores and concentrates,BG,1034.4324343,-0.0031702339446951404
Precious metal ores and concentrates,BR,946.91154846,-0.0016571642930721605
Precious metal ores and concentrates,CA,353.246392333,-0.000429034030746369
Precious metal ores and concentrates,CH,0.0,0.0
Precious metal ores and concentrates,CN,544.145864446,-0.014139131790096576
Precious metal ores and concentrates,CY,0.0,0.0
Precious metal ores and concentrates,CZ,0.0,0.0
Precious metal ores and concentrates,DE,0.0,0.0
Precious metal ores and concentrates,DK,0.0,0.0
Precious metal ores and concentrates,EE,0.0,0.0
Precious metal ores and concentrates,ES,1986.87594331,-0.0008934430192647215
Precious metal ores and concentrates,FI,1416.04633859,-0.0015284280214059353
Precious metal ores and concentrates,FR,0.0,0.0
Precious metal ores and concentrates,GB,0.430720947315,-4.939741291616267e-07
Precious metal ores and concentrates,GR,3145.55178277,-3.641388914446613e-05
Precious metal ores and concentrates,HR,0.0,0.0
Precious metal ores and concentrates,HU,0.0,0.0
Precious metal ores and concentrates,ID,11.2761545087,-2.965542557861357e-07
Precious metal ores and concentrates,IE,91.902068898,-3.4153836355772564e-05
Precious metal ores and concentrates,IN,38.4955023541,-0.0002918592583997281
Precious metal ores and concentrates,IT,4.97972511777,-4.942869668631449e-07
Precious metal ores and concentrates,JP,1067.42182103,-0.0009047940372272848
Precious metal ores and concentrates,KR,229.967773702,-0.001453230359647714
Precious metal ores and concentrates,LT,0.00117193142872,-1.4926871493565424e-11
Precious metal ores and concentrates,LU,0.0,0.0
Precious metal ores and concentrates,LV,0.0,0.0
Precious metal ores and concentrates,MT,0.00539063031443,-1.9357599521681514e-11
Precious metal ores and concentrates,MX,0.0,0.0
Precious metal ores and concentrates,NL,0.0,0.0
Precious metal ores and concentrates,NO,0.0,0.0
Precious metal ores and concentrates,PL,24.9683619243,-6.008547810067e-06
Precious metal ores and concentrates,PT,185.993798699,-8.344541829236294e-06
Precious metal ores and concentrates,RO,106.77320032,-9.633373162494696e-05
Precious metal ores and concentrates,RU,241.242423672,-3.186455574944331e-05
Precious metal ores and concentrates,SE,3135.51774917,-9.078067171280057e-05
Precious metal ores and concentrates,SI,0.0,0.0
Precious metal ores and concentrates,SK,517.889377846,-0.0007288136546301394
Precious metal ores and concentrates,TR,4829.17290236,-0.14892917086807272
Precious metal ores and concentrates,TW,973.36658665,-0.00032152532552060865
Precious metal ores and concentrates,US,31.3368776186,-0.00020073441290195099
Precious metal ores and concentrates,WA,670.312745154,-0.0030537589835089
Precious metal ores and concentrates,WE,315.463972882,-0.0001751763604297652
Precious metal ores and concentrates,WF,0.0,0.0
Precious metal ores and concentrates,WL,0.0,0.0
Precious metal ores and concentrates,WM,0.0,0.0
Precious metal ores and concentrates,ZA,340.878886207,-0.0003635675818455623
Precious metals,AT,1310.99891233,-0.0002636321472387013
Precious metals,AU,9245.89735332,-0.4512747477384132
Precious metals,BE,10282.2660523,-0.03358387399127427
Precious metals,BG,17.6032509754,-2.9581220094418856e-05
Precious metals,BR,2538.59989948,-0.012516207679095566
Precious metals,CA,1389.58918707,-0.006186015621031141
Precious metals,CH,6135.63657055,-0.11587057947996213
Precious metals,CN,59049.8473805,-0.6989122558912756
Precious metals,CY,15.0328152077,-4.2088380904869285e-07
Precious metals,CZ,857.31612956,-0.00020556224334521448
Precious metals,DE,2738.851212,-0.04031571432089071
Precious metals,DK,164.23697629,-0.00014235397576000777
Precious metals,EE,121.097917836,-6.6706586436773286e-06
Precious metals,ES,762.821242179,-0.0008318904394712132
Precious metals,FI,293.471987238,-0.0005422334905563767
Precious metals,FR,667.042604334,-0.0008240483121781335
Precious metals,GB,3569.24010553,-0.029425181585856698
Precious metals,GR,113.511517257,-7.576852452595091e-05
Precious metals,HR,7.56314898611,-3.175294285320428e-06
Precious metals,HU,6.69334961244,-5.007727239206287e-06
Precious metals,ID,2029.20706901,-0.0053672307699246325
Precious metals,IE,68.9542085892,-0.0006298700813718021
Precious metals,IN,18655.6269371,-0.04816977590430677
Precious metals,IT,8401.87618475,-0.02724221954961444
Precious metals,JP,3694.90205766,-0.16905074661014513
Precious metals,KR,7649.50161546,-0.08533035765942006
Precious metals,LT,0.220341616749,-1.947582164698026e-07
Precious metals,LU,90.9297652645,-0.0005431910017183527
Precious metals,LV,38.1697567086,-6.351003516185789e-07
Precious metals,MT,0.28439247241,-2.2543138572606322e-08
Precious metals,MX,23890.6882079,-0.043897228798887196
Precious metals,NL,1716.07340896,-0.011517587781780227
Precious metals,NO,597.463772624,-0.0005681448983074216
Precious metals,PL,5361.44588861,-0.008115035476667072
Precious metals,PT,636.88649467,-0.0002623055021868905
Precious metals,RO,1.14052811302,-2.494746742089209e-05
Precious metals,RU,7043.89883964,-0.004797795160096147
Precious metals,SE,720.488301022,-0.00023021354016689288
Precious metals,SI,183.750781528,-6.088448782719691e-06
Precious metals,SK,332.010882673,-9.519940724022751e-05
Precious metals,TR,9773.50562796,-1.0008425667136864
Precious metals,TW,2144.59877718,-4.809562139717665e-06
Precious metals,US,30497.5973979,-0.215886647395813
Precious metals,WA,10804.1091978,-0.5290210031372861
Precious metals,WE,1083.57919257,-0.003035554194553666
Precious metals,WF,4670.27828939,-0.09955832402180748
Precious metals,WL,8518.49252443,-0.06074655420807931
Precious metals,WM,7774.52320659,-0.1838758860848599
Precious metals,ZA,3561.67211271,-0.5104934596221883
