,Destination,Industry,Stage,N,HHI,HHI_norm,Eff_N_hhi,CR1,CR3,CR5,Entropy,Entropy_norm,Eff_N_entropy,SelfReliance
0,AT,Electrical machinery and apparatus n.e.c. (31),Tertiary,36,0.246,0.224,4.071,0.351,0.729,0.807,1.927,0.538,6.872,0.0
1,AT,"Fabricated metal products, except machinery and equipment (28)",Tertiary,49,0.179,0.162,5.589,0.343,0.641,0.805,2.24,0.576,9.395,0.343
2,AT,Machinery and equipment n.e.c. (29),Tertiary,31,0.318,0.295,3.149,0.447,0.884,0.927,1.504,0.438,4.502,0.447
3,AT,Aluminium and aluminium products,Secondary,49,0.543,0.534,1.84,0.731,0.844,0.901,1.258,0.323,3.519,0.731
4,AT,Basic iron and steel and of ferro-alloys and first products thereof,Secondary,49,0.205,0.188,4.878,0.376,0.688,0.783,2.185,0.562,8.893,0.376
5,AT,Copper products,Secondary,49,0.087,0.068,11.53,0.185,0.417,0.548,2.842,0.73,17.153,0.152
6,AT,"Lead, zinc and tin and products thereof",Secondary,49,0.349,0.336,2.863,0.573,0.733,0.837,1.788,0.459,5.976,0.068
7,AT,Other non-ferrous metal products,Secondary,49,0.369,0.355,2.713,0.555,0.86,0.899,1.526,0.392,4.601,0.555
8,AT,Precious metals,Secondary,49,0.33,0.316,3.028,0.555,0.723,0.811,1.835,0.472,6.267,0.024
9,AT,Aluminium ores and concentrates,Primary,19,0.14,0.092,7.155,0.222,0.577,0.754,2.217,0.753,9.176,0.0
10,AT,Copper ores and concentrates,Primary,27,0.547,0.53,1.828,0.73,0.892,0.936,1.121,0.34,3.069,0.0
11,AT,"Lead, zinc and tin ores and concentrates",Primary,31,0.132,0.103,7.586,0.248,0.533,0.721,2.336,0.68,10.34,0.0
12,AT,Nickel ores and concentrates,Primary,23,0.223,0.188,4.476,0.354,0.774,0.886,1.785,0.569,5.961,0.0
13,AT,Other non-ferrous metal ores and concentrates,Primary,35,0.905,0.902,1.106,0.951,0.974,0.984,0.307,0.086,1.359,0.951
14,AT,Precious metal ores and concentrates,Primary,29,0.129,0.097,7.777,0.251,0.505,0.704,2.353,0.699,10.514,0.0
15,BE,Electrical machinery and apparatus n.e.c. (31),Tertiary,36,0.193,0.17,5.185,0.337,0.655,0.748,2.175,0.607,8.803,0.042
16,BE,"Fabricated metal products, except machinery and equipment (28)",Tertiary,49,0.107,0.088,9.373,0.212,0.483,0.646,2.637,0.678,13.972,0.212
17,BE,Machinery and equipment n.e.c. (29),Tertiary,31,0.202,0.175,4.956,0.29,0.734,0.893,1.913,0.557,6.771,0.29
18,BE,Aluminium and aluminium products,Secondary,49,0.376,0.363,2.659,0.6,0.717,0.815,1.698,0.436,5.46,0.6
19,BE,Basic iron and steel and of ferro-alloys and first products thereof,Secondary,49,0.253,0.237,3.956,0.471,0.668,0.774,2.08,0.535,8.006,0.471
20,BE,Copper products,Secondary,49,0.138,0.12,7.239,0.327,0.481,0.585,2.597,0.667,13.425,0.327
21,BE,"Lead, zinc and tin and products thereof",Secondary,49,0.24,0.225,4.16,0.455,0.651,0.768,2.11,0.542,8.25,0.127
22,BE,Other non-ferrous metal products,Secondary,49,0.154,0.136,6.509,0.284,0.597,0.754,2.311,0.594,10.082,0.284
23,BE,Precious metals,Secondary,49,0.349,0.335,2.867,0.576,0.706,0.792,1.817,0.467,6.15,0.576
24,BE,Aluminium ores and concentrates,Primary,19,0.148,0.101,6.757,0.251,0.585,0.783,2.139,0.727,8.492,0.0
25,BE,Copper ores and concentrates,Primary,27,0.446,0.425,2.24,0.624,0.917,0.955,1.198,0.364,3.315,0.0
26,BE,"Lead, zinc and tin ores and concentrates",Primary,31,0.142,0.113,7.044,0.283,0.543,0.707,2.32,0.676,10.178,0.0
27,BE,Nickel ores and concentrates,Primary,23,0.215,0.18,4.644,0.346,0.758,0.873,1.823,0.581,6.19,0.0
28,BE,Other non-ferrous metal ores and concentrates,Primary,35,0.367,0.349,2.723,0.559,0.828,0.892,1.52,0.427,4.571,0.559
29,BE,Precious metal ores and concentrates,Primary,29,0.237,0.21,4.212,0.442,0.683,0.796,1.981,0.588,7.247,0.0
30,BG,Electrical machinery and apparatus n.e.c. (31),Tertiary,36,0.451,0.435,2.22,0.657,0.837,0.89,1.438,0.401,4.21,0.0
31,BG,"Fabricated metal products, except machinery and equipment (28)",Tertiary,49,0.112,0.093,8.959,0.229,0.522,0.657,2.691,0.692,14.751,0.229
32,BG,Machinery and equipment n.e.c. (29),Tertiary,31,0.175,0.147,5.727,0.305,0.662,0.812,2.123,0.618,8.354,0.0
33,BG,Aluminium and aluminium products,Secondary,49,0.505,0.495,1.979,0.707,0.774,0.825,1.477,0.379,4.378,0.707
34,BG,Basic iron and steel and of ferro-alloys and first products thereof,Secondary,49,0.094,0.075,10.601,0.242,0.398,0.536,2.864,0.736,17.535,0.075
35,BG,Copper products,Secondary,49,0.48,0.469,2.084,0.686,0.783,0.837,1.469,0.377,4.345,0.686
36,BG,"Lead, zinc and tin and products thereof",Secondary,49,0.28,0.265,3.574,0.4,0.769,0.825,1.854,0.476,6.387,0.339
37,BG,Other non-ferrous metal products,Secondary,49,0.134,0.116,7.443,0.283,0.553,0.679,2.558,0.657,12.909,0.072
38,BG,Precious metals,Secondary,49,0.446,0.435,2.24,0.657,0.805,0.878,1.482,0.381,4.4,0.001
39,BG,Aluminium ores and concentrates,Primary,19,0.248,0.206,4.04,0.431,0.736,0.868,1.82,0.618,6.171,0.0
40,BG,Copper ores and concentrates,Primary,27,0.724,0.714,1.381,0.84,0.996,0.998,0.528,0.16,1.696,0.84
41,BG,"Lead, zinc and tin ores and concentrates",Primary,31,0.432,0.413,2.316,0.621,0.881,0.929,1.306,0.38,3.693,0.621
42,BG,Nickel ores and concentrates,Primary,23,0.47,0.446,2.127,0.67,0.847,0.934,1.258,0.401,3.518,0.0
43,BG,Other non-ferrous metal ores and concentrates,Primary,35,0.124,0.098,8.074,0.255,0.514,0.679,2.428,0.683,11.333,0.049
44,BG,Precious metal ores and concentrates,Primary,29,0.953,0.951,1.05,0.976,0.99,0.995,0.159,0.047,1.172,0.976
45,CY,Electrical machinery and apparatus n.e.c. (31),Tertiary,36,0.15,0.125,6.687,0.241,0.619,0.782,2.28,0.636,9.774,0.241
46,CY,"Fabricated metal products, except machinery and equipment (28)",Tertiary,49,0.097,0.078,10.35,0.197,0.417,0.597,2.708,0.696,15.005,0.116
47,CY,Machinery and equipment n.e.c. (29),Tertiary,31,0.259,0.235,3.855,0.446,0.736,0.893,1.809,0.527,6.105,0.446
48,CY,Aluminium and aluminium products,Secondary,49,0.427,0.415,2.344,0.643,0.758,0.846,1.586,0.408,4.886,0.643
49,CY,Basic iron and steel and of ferro-alloys and first products thereof,Secondary,49,0.181,0.164,5.532,0.385,0.604,0.677,2.479,0.637,11.934,0.033
50,CY,Copper products,Secondary,49,0.138,0.12,7.264,0.278,0.556,0.647,2.59,0.666,13.335,0.041
51,CY,"Lead, zinc and tin and products thereof",Secondary,49,0.311,0.297,3.214,0.545,0.654,0.732,2.051,0.527,7.775,0.02
52,CY,Other non-ferrous metal products,Secondary,49,0.084,0.065,11.906,0.176,0.394,0.563,2.818,0.724,16.746,0.007
53,CY,Precious metals,Secondary,49,0.069,0.05,14.411,0.143,0.341,0.482,2.916,0.749,18.464,0.004
54,CY,Aluminium ores and concentrates,Primary,19,0.439,0.408,2.279,0.638,0.865,0.951,1.281,0.435,3.602,0.0
55,CY,Copper ores and concentrates,Primary,27,0.363,0.338,2.758,0.554,0.875,0.927,1.443,0.438,4.232,0.132
56,CY,"Lead, zinc and tin ores and concentrates",Primary,31,0.255,0.23,3.928,0.47,0.67,0.799,1.969,0.574,7.166,0.0
57,CY,Nickel ores and concentrates,Primary,23,0.444,0.419,2.253,0.643,0.858,0.941,1.268,0.405,3.555,0.0
58,CY,Other non-ferrous metal ores and concentrates,Primary,35,0.113,0.087,8.815,0.211,0.494,0.671,2.499,0.703,12.171,0.0
59,CY,Precious metal ores and concentrates,Primary,29,0.345,0.322,2.895,0.552,0.807,0.911,1.578,0.469,4.846,0.0
60,CZ,Electrical machinery and apparatus n.e.c. (31),Tertiary,36,0.211,0.188,4.741,0.341,0.71,0.774,2.098,0.586,8.152,0.0
61,CZ,"Fabricated metal products, except machinery and equipment (28)",Tertiary,49,0.164,0.147,6.09,0.281,0.621,0.74,2.353,0.605,10.514,0.016
62,CZ,Machinery and equipment n.e.c. (29),Tertiary,31,0.311,0.288,3.211,0.506,0.792,0.926,1.604,0.467,4.972,0.014
63,CZ,Aluminium and aluminium products,Secondary,49,0.188,0.171,5.308,0.369,0.628,0.774,2.235,0.574,9.347,0.007
64,CZ,Basic iron and steel and of ferro-alloys and first products thereof,Secondary,49,0.218,0.201,4.593,0.431,0.617,0.747,2.238,0.575,9.375,0.006
65,CZ,Copper products,Secondary,49,0.088,0.069,11.411,0.218,0.397,0.509,2.858,0.734,17.43,0.006
66,CZ,"Lead, zinc and tin and products thereof",Secondary,49,0.211,0.194,4.746,0.362,0.724,0.822,2.085,0.536,8.047,0.028
67,CZ,Other non-ferrous metal products,Secondary,49,0.169,0.152,5.914,0.313,0.627,0.796,2.269,0.583,9.671,0.001
68,CZ,Precious metals,Secondary,49,0.114,0.096,8.771,0.23,0.488,0.666,2.548,0.655,12.777,0.006
69,CZ,Aluminium ores and concentrates,Primary,19,0.234,0.192,4.266,0.443,0.656,0.781,1.96,0.666,7.101,0.008
70,CZ,Copper ores and concentrates,Primary,27,0.699,0.687,1.431,0.83,0.96,0.991,0.688,0.209,1.989,0.0
71,CZ,"Lead, zinc and tin ores and concentrates",Primary,31,0.408,0.388,2.452,0.627,0.745,0.838,1.587,0.462,4.891,0.0
72,CZ,Nickel ores and concentrates,Primary,23,0.333,0.303,3.0,0.528,0.833,0.909,1.543,0.492,4.681,0.0
73,CZ,Other non-ferrous metal ores and concentrates,Primary,35,0.238,0.216,4.193,0.406,0.771,0.866,1.849,0.52,6.354,0.001
74,CZ,Precious metal ores and concentrates,Primary,29,0.963,0.961,1.039,0.981,0.992,0.996,0.132,0.039,1.141,0.0
75,DE,Electrical machinery and apparatus n.e.c. (31),Tertiary,36,0.217,0.195,4.598,0.336,0.768,0.833,1.964,0.548,7.129,0.16
76,DE,"Fabricated metal products, except machinery and equipment (28)",Tertiary,49,0.219,0.203,4.566,0.432,0.638,0.743,2.231,0.573,9.313,0.432
77,DE,Machinery and equipment n.e.c. (29),Tertiary,31,0.533,0.517,1.877,0.719,0.861,0.909,1.193,0.347,3.296,0.719
78,DE,Aluminium and aluminium products,Secondary,49,0.508,0.497,1.97,0.707,0.813,0.865,1.412,0.363,4.103,0.707
79,DE,Basic iron and steel and of ferro-alloys and first products thereof,Secondary,49,0.451,0.44,2.217,0.663,0.777,0.836,1.589,0.408,4.897,0.663
80,DE,Copper products,Secondary,49,0.231,0.215,4.33,0.461,0.58,0.681,2.314,0.595,10.118,0.461
81,DE,"Lead, zinc and tin and products thereof",Secondary,49,0.273,0.257,3.67,0.411,0.78,0.856,1.838,0.472,6.287,0.309
82,DE,Other non-ferrous metal products,Secondary,49,0.354,0.341,2.823,0.576,0.752,0.83,1.779,0.457,5.926,0.576
83,DE,Precious metals,Secondary,49,0.17,0.152,5.89,0.301,0.62,0.75,2.246,0.577,9.453,0.301
84,DE,Aluminium ores and concentrates,Primary,19,0.148,0.1,6.772,0.237,0.601,0.772,2.166,0.736,8.726,0.0
85,DE,Copper ores and concentrates,Primary,27,0.645,0.631,1.551,0.799,0.888,0.937,0.946,0.287,2.575,0.0
86,DE,"Lead, zinc and tin ores and concentrates",Primary,31,0.163,0.135,6.129,0.308,0.615,0.757,2.199,0.641,9.02,0.308
87,DE,Nickel ores and concentrates,Primary,23,0.218,0.182,4.598,0.357,0.754,0.878,1.825,0.582,6.206,0.0
88,DE,Other non-ferrous metal ores and concentrates,Primary,35,0.289,0.268,3.458,0.455,0.779,0.851,1.754,0.493,5.776,0.455
89,DE,Precious metal ores and concentrates,Primary,29,0.144,0.113,6.951,0.283,0.571,0.709,2.322,0.69,10.196,0.0
90,DK,Electrical machinery and apparatus n.e.c. (31),Tertiary,36,0.229,0.207,4.363,0.348,0.763,0.83,1.954,0.545,7.054,0.0
91,DK,"Fabricated metal products, except machinery and equipment (28)",Tertiary,49,0.215,0.198,4.661,0.426,0.618,0.762,2.241,0.576,9.403,0.006
92,DK,Machinery and equipment n.e.c. (29),Tertiary,31,0.454,0.436,2.204,0.656,0.833,0.927,1.331,0.388,3.785,0.0
93,DK,Aluminium and aluminium products,Secondary,49,0.267,0.252,3.744,0.467,0.743,0.834,1.944,0.5,6.987,0.002
94,DK,Basic iron and steel and of ferro-alloys and first products thereof,Secondary,49,0.314,0.3,3.185,0.527,0.773,0.837,1.867,0.48,6.47,0.001
95,DK,Copper products,Secondary,49,0.117,0.098,8.576,0.279,0.472,0.599,2.684,0.69,14.639,0.0
96,DK,"Lead, zinc and tin and products thereof",Secondary,49,0.207,0.19,4.839,0.371,0.698,0.811,2.11,0.542,8.246,0.0
97,DK,Other non-ferrous metal products,Secondary,49,0.179,0.162,5.593,0.357,0.612,0.782,2.238,0.575,9.37,0.0
98,DK,Precious metals,Secondary,49,0.123,0.104,8.162,0.291,0.469,0.611,2.625,0.675,13.806,0.0
99,DK,Aluminium ores and concentrates,Primary,19,0.119,0.07,8.423,0.193,0.485,0.701,2.311,0.785,10.086,0.0
100,DK,Copper ores and concentrates,Primary,27,0.304,0.278,3.284,0.37,0.944,0.975,1.355,0.411,3.876,0.0
101,DK,"Lead, zinc and tin ores and concentrates",Primary,31,0.461,0.443,2.171,0.666,0.819,0.9,1.375,0.4,3.955,0.0
102,DK,Nickel ores and concentrates,Primary,23,0.2,0.163,5.006,0.303,0.72,0.875,1.884,0.601,6.577,0.0
103,DK,Other non-ferrous metal ores and concentrates,Primary,35,0.262,0.241,3.813,0.486,0.654,0.759,2.01,0.565,7.463,0.0
104,DK,Precious metal ores and concentrates,Primary,29,0.125,0.094,8.0,0.215,0.53,0.727,2.35,0.698,10.486,0.0
105,EE,Electrical machinery and apparatus n.e.c. (31),Tertiary,36,0.163,0.139,6.126,0.248,0.629,0.798,2.201,0.614,9.032,0.0
106,EE,"Fabricated metal products, except machinery and equipment (28)",Tertiary,49,0.094,0.075,10.68,0.216,0.458,0.586,2.875,0.739,17.726,0.008
107,EE,Machinery and equipment n.e.c. (29),Tertiary,31,0.201,0.175,4.968,0.374,0.653,0.83,2.028,0.591,7.6,0.01
108,EE,Aluminium and aluminium products,Secondary,49,0.144,0.126,6.95,0.326,0.551,0.631,2.663,0.684,14.345,0.004
109,EE,Basic iron and steel and of ferro-alloys and first products thereof,Secondary,49,0.11,0.091,9.13,0.252,0.489,0.619,2.746,0.706,15.584,0.002
110,EE,Copper products,Secondary,49,0.075,0.056,13.279,0.142,0.37,0.516,2.894,0.744,18.069,0.001
111,EE,"Lead, zinc and tin and products thereof",Secondary,49,0.404,0.391,2.478,0.626,0.75,0.804,1.747,0.449,5.74,0.001
112,EE,Other non-ferrous metal products,Secondary,49,0.327,0.313,3.062,0.549,0.723,0.781,1.879,0.483,6.549,0.01
113,EE,Precious metals,Secondary,49,0.142,0.124,7.06,0.331,0.502,0.63,2.583,0.664,13.234,0.0
114,EE,Aluminium ores and concentrates,Primary,19,0.141,0.093,7.112,0.249,0.557,0.751,2.218,0.753,9.186,0.0
115,EE,Copper ores and concentrates,Primary,27,0.441,0.42,2.265,0.639,0.855,0.935,1.302,0.395,3.678,0.0
116,EE,"Lead, zinc and tin ores and concentrates",Primary,31,0.192,0.165,5.213,0.334,0.704,0.819,2.04,0.594,7.69,0.0
117,EE,Nickel ores and concentrates,Primary,23,0.876,0.87,1.142,0.935,0.979,0.987,0.349,0.111,1.418,0.0
118,EE,Other non-ferrous metal ores and concentrates,Primary,35,0.108,0.082,9.217,0.212,0.483,0.649,2.539,0.714,12.668,0.0
119,EE,Precious metal ores and concentrates,Primary,29,0.704,0.693,1.421,0.837,0.91,0.95,0.809,0.24,2.246,0.0
120,ES,Electrical machinery and apparatus n.e.c. (31),Tertiary,36,0.369,0.351,2.712,0.57,0.842,0.894,1.545,0.431,4.688,0.57
121,ES,"Fabricated metal products, except machinery and equipment (28)",Tertiary,49,0.093,0.074,10.751,0.198,0.438,0.579,2.759,0.709,15.787,0.198
122,ES,Machinery and equipment n.e.c. (29),Tertiary,31,0.17,0.143,5.872,0.236,0.672,0.849,2.058,0.599,7.831,0.236
123,ES,Aluminium and aluminium products,Secondary,49,0.458,0.447,2.181,0.668,0.803,0.854,1.517,0.39,4.557,0.668
124,ES,Basic iron and steel and of ferro-alloys and first products thereof,Secondary,49,0.331,0.317,3.019,0.558,0.713,0.788,1.884,0.484,6.578,0.558
125,ES,Copper products,Secondary,49,0.122,0.104,8.189,0.221,0.545,0.66,2.527,0.649,12.521,0.221
126,ES,"Lead, zinc and tin and products thereof",Secondary,49,0.573,0.564,1.747,0.75,0.873,0.9,1.176,0.302,3.243,0.092
127,ES,Other non-ferrous metal products,Secondary,49,0.111,0.092,9.015,0.215,0.511,0.647,2.616,0.672,13.684,0.175
128,ES,Precious metals,Secondary,49,0.105,0.086,9.529,0.255,0.422,0.56,2.703,0.695,14.93,0.064
129,ES,Aluminium ores and concentrates,Primary,19,0.148,0.1,6.768,0.252,0.542,0.781,2.108,0.716,8.236,0.0
130,ES,Copper ores and concentrates,Primary,27,0.965,0.964,1.036,0.982,0.994,0.997,0.118,0.036,1.126,0.982
131,ES,"Lead, zinc and tin ores and concentrates",Primary,31,0.667,0.656,1.498,0.806,0.953,0.974,0.758,0.221,2.134,0.806
132,ES,Nickel ores and concentrates,Primary,23,0.162,0.124,6.169,0.234,0.632,0.84,2.041,0.651,7.695,0.119
133,ES,Other non-ferrous metal ores and concentrates,Primary,35,0.35,0.331,2.856,0.576,0.713,0.814,1.762,0.496,5.826,0.576
134,ES,Precious metal ores and concentrates,Primary,29,0.833,0.827,1.2,0.912,0.961,0.975,0.485,0.144,1.625,0.912
135,FI,Electrical machinery and apparatus n.e.c. (31),Tertiary,36,0.264,0.243,3.781,0.46,0.749,0.865,1.848,0.516,6.35,0.0
136,FI,"Fabricated metal products, except machinery and equipment (28)",Tertiary,49,0.092,0.074,10.821,0.149,0.437,0.62,2.737,0.703,15.447,0.149
137,FI,Machinery and equipment n.e.c. (29),Tertiary,31,0.398,0.378,2.512,0.605,0.827,0.931,1.439,0.419,4.218,0.605
138,FI,Aluminium and aluminium products,Secondary,49,0.251,0.236,3.981,0.352,0.76,0.828,1.972,0.507,7.188,0.345
139,FI,Basic iron and steel and of ferro-alloys and first products thereof,Secondary,49,0.429,0.417,2.333,0.643,0.776,0.842,1.602,0.412,4.962,0.643
140,FI,Copper products,Secondary,49,0.137,0.119,7.284,0.274,0.555,0.708,2.469,0.635,11.815,0.274
141,FI,"Lead, zinc and tin and products thereof",Secondary,49,0.458,0.447,2.182,0.665,0.827,0.884,1.429,0.367,4.173,0.037
142,FI,Other non-ferrous metal products,Secondary,49,0.587,0.578,1.705,0.755,0.906,0.94,1.03,0.265,2.8,0.755
143,FI,Precious metals,Secondary,49,0.406,0.394,2.461,0.621,0.793,0.879,1.573,0.404,4.819,0.05
144,FI,Aluminium ores and concentrates,Primary,19,0.151,0.104,6.624,0.225,0.574,0.817,2.105,0.715,8.21,0.0
145,FI,Copper ores and concentrates,Primary,27,0.403,0.38,2.482,0.561,0.898,0.944,1.275,0.387,3.579,0.561
146,FI,"Lead, zinc and tin ores and concentrates",Primary,31,0.781,0.774,1.281,0.883,0.926,0.952,0.642,0.187,1.9,0.883
147,FI,Nickel ores and concentrates,Primary,23,0.993,0.993,1.007,0.997,0.998,0.999,0.03,0.009,1.03,0.997
148,FI,Other non-ferrous metal ores and concentrates,Primary,35,0.488,0.473,2.048,0.69,0.824,0.878,1.389,0.391,4.01,0.69
149,FI,Precious metal ores and concentrates,Primary,29,0.972,0.971,1.029,0.986,0.992,0.996,0.106,0.032,1.112,0.986
150,FR,Electrical machinery and apparatus n.e.c. (31),Tertiary,36,0.189,0.166,5.287,0.34,0.666,0.788,2.156,0.602,8.637,0.101
151,FR,"Fabricated metal products, except machinery and equipment (28)",Tertiary,49,0.1,0.081,10.042,0.187,0.455,0.648,2.687,0.69,14.681,0.187
152,FR,Machinery and equipment n.e.c. (29),Tertiary,31,0.224,0.199,4.457,0.319,0.779,0.886,1.84,0.536,6.299,0.319
153,FR,Aluminium and aluminium products,Secondary,49,0.416,0.404,2.402,0.635,0.757,0.83,1.631,0.419,5.11,0.635
154,FR,Basic iron and steel and of ferro-alloys and first products thereof,Secondary,49,0.383,0.37,2.609,0.607,0.74,0.812,1.748,0.449,5.744,0.607
155,FR,Copper products,Secondary,49,0.135,0.117,7.417,0.323,0.471,0.587,2.62,0.673,13.738,0.323
156,FR,"Lead, zinc and tin and products thereof",Secondary,49,0.342,0.329,2.92,0.564,0.753,0.829,1.797,0.462,6.035,0.119
157,FR,Other non-ferrous metal products,Secondary,49,0.154,0.136,6.492,0.29,0.618,0.757,2.339,0.601,10.372,0.29
158,FR,Precious metals,Secondary,49,0.213,0.197,4.685,0.425,0.597,0.731,2.185,0.562,8.893,0.065
159,FR,Aluminium ores and concentrates,Primary,19,0.161,0.114,6.221,0.244,0.598,0.846,2.027,0.689,7.594,0.244
160,FR,Copper ores and concentrates,Primary,27,0.845,0.839,1.184,0.918,0.962,0.982,0.446,0.135,1.562,0.0
161,FR,"Lead, zinc and tin ores and concentrates",Primary,31,0.209,0.183,4.775,0.343,0.719,0.837,1.971,0.574,7.181,0.0
162,FR,Nickel ores and concentrates,Primary,23,0.183,0.146,5.46,0.321,0.662,0.823,1.979,0.631,7.235,0.085
163,FR,Other non-ferrous metal ores and concentrates,Primary,35,0.171,0.146,5.863,0.365,0.545,0.687,2.288,0.644,9.859,0.027
164,FR,Precious metal ores and concentrates,Primary,29,0.212,0.184,4.706,0.386,0.699,0.82,2.005,0.595,7.428,0.0
165,GR,Electrical machinery and apparatus n.e.c. (31),Tertiary,36,0.272,0.251,3.675,0.491,0.709,0.794,1.984,0.554,7.269,0.115
166,GR,"Fabricated metal products, except machinery and equipment (28)",Tertiary,49,0.224,0.208,4.459,0.449,0.619,0.706,2.358,0.606,10.565,0.03
167,GR,Machinery and equipment n.e.c. (29),Tertiary,31,0.171,0.144,5.837,0.316,0.662,0.774,2.199,0.64,9.012,0.0
168,GR,Aluminium and aluminium products,Secondary,49,0.352,0.339,2.838,0.581,0.713,0.784,1.904,0.489,6.71,0.051
169,GR,Basic iron and steel and of ferro-alloys and first products thereof,Secondary,49,0.102,0.083,9.809,0.216,0.471,0.608,2.765,0.71,15.88,0.031
170,GR,Copper products,Secondary,49,0.164,0.147,6.099,0.349,0.566,0.666,2.468,0.634,11.796,0.029
171,GR,"Lead, zinc and tin and products thereof",Secondary,49,0.312,0.298,3.205,0.466,0.807,0.864,1.716,0.441,5.56,0.466
172,GR,Other non-ferrous metal products,Secondary,49,0.134,0.116,7.47,0.233,0.588,0.683,2.507,0.644,12.274,0.032
173,GR,Precious metals,Secondary,49,0.081,0.062,12.397,0.145,0.385,0.558,2.793,0.718,16.327,0.042
174,GR,Aluminium ores and concentrates,Primary,19,0.391,0.358,2.555,0.587,0.865,0.921,1.384,0.47,3.991,0.587
175,GR,Copper ores and concentrates,Primary,27,0.559,0.542,1.789,0.723,0.99,0.995,0.835,0.253,2.305,0.0
176,GR,"Lead, zinc and tin ores and concentrates",Primary,31,0.183,0.156,5.465,0.338,0.64,0.779,2.066,0.602,7.891,0.338
177,GR,Nickel ores and concentrates,Primary,23,0.962,0.96,1.04,0.981,0.995,0.998,0.127,0.041,1.136,0.981
178,GR,Other non-ferrous metal ores and concentrates,Primary,35,0.17,0.145,5.887,0.32,0.629,0.771,2.189,0.616,8.924,0.002
179,GR,Precious metal ores and concentrates,Primary,29,0.204,0.175,4.909,0.37,0.656,0.842,1.933,0.574,6.91,0.152
180,HR,Electrical machinery and apparatus n.e.c. (31),Tertiary,36,0.236,0.214,4.238,0.436,0.69,0.816,2.026,0.565,7.581,0.0
181,HR,"Fabricated metal products, except machinery and equipment (28)",Tertiary,49,0.134,0.116,7.47,0.259,0.555,0.714,2.552,0.656,12.83,0.003
182,HR,Machinery and equipment n.e.c. (29),Tertiary,31,0.16,0.132,6.252,0.254,0.657,0.771,2.217,0.646,9.184,0.016
183,HR,Aluminium and aluminium products,Secondary,49,0.404,0.391,2.477,0.626,0.744,0.816,1.738,0.447,5.688,0.006
184,HR,Basic iron and steel and of ferro-alloys and first products thereof,Secondary,49,0.187,0.17,5.351,0.364,0.647,0.742,2.339,0.601,10.374,0.001
185,HR,Copper products,Secondary,49,0.185,0.168,5.399,0.367,0.633,0.763,2.275,0.585,9.729,0.0
186,HR,"Lead, zinc and tin and products thereof",Secondary,49,0.389,0.376,2.57,0.614,0.736,0.797,1.805,0.464,6.08,0.0
187,HR,Other non-ferrous metal products,Secondary,49,0.107,0.088,9.355,0.202,0.498,0.642,2.639,0.678,14.006,0.001
188,HR,Precious metals,Secondary,49,0.097,0.078,10.338,0.219,0.429,0.587,2.721,0.699,15.201,0.0
189,HR,Aluminium ores and concentrates,Primary,19,0.161,0.115,6.196,0.328,0.577,0.72,2.194,0.745,8.968,0.002
190,HR,Copper ores and concentrates,Primary,27,0.958,0.956,1.044,0.978,0.998,0.999,0.129,0.039,1.138,0.0
191,HR,"Lead, zinc and tin ores and concentrates",Primary,31,0.267,0.242,3.748,0.479,0.69,0.806,1.906,0.555,6.729,0.0
192,HR,Nickel ores and concentrates,Primary,23,0.202,0.165,4.96,0.322,0.707,0.857,1.908,0.609,6.741,0.0
193,HR,Other non-ferrous metal ores and concentrates,Primary,35,0.342,0.323,2.921,0.566,0.733,0.814,1.76,0.495,5.811,0.0
194,HR,Precious metal ores and concentrates,Primary,29,0.28,0.255,3.568,0.491,0.712,0.851,1.811,0.538,6.115,0.0
195,HU,Electrical machinery and apparatus n.e.c. (31),Tertiary,36,0.218,0.195,4.595,0.413,0.663,0.812,2.076,0.579,7.97,0.0
196,HU,"Fabricated metal products, except machinery and equipment (28)",Tertiary,49,0.114,0.096,8.758,0.245,0.493,0.656,2.638,0.678,13.984,0.0
197,HU,Machinery and equipment n.e.c. (29),Tertiary,31,0.182,0.154,5.509,0.267,0.683,0.872,1.991,0.58,7.32,0.001
198,HU,Aluminium and aluminium products,Secondary,49,0.313,0.299,3.191,0.533,0.744,0.822,1.893,0.486,6.641,0.0
199,HU,Basic iron and steel and of ferro-alloys and first products thereof,Secondary,49,0.185,0.168,5.415,0.374,0.613,0.732,2.33,0.599,10.279,0.0
200,HU,Copper products,Secondary,49,0.176,0.159,5.689,0.366,0.597,0.701,2.394,0.615,10.954,0.0
201,HU,"Lead, zinc and tin and products thereof",Secondary,49,0.378,0.365,2.647,0.605,0.716,0.788,1.814,0.466,6.132,0.0
202,HU,Other non-ferrous metal products,Secondary,49,0.194,0.177,5.158,0.37,0.646,0.796,2.166,0.557,8.727,0.0
203,HU,Precious metals,Secondary,49,0.107,0.089,9.334,0.249,0.466,0.601,2.685,0.69,14.66,0.0
204,HU,Aluminium ores and concentrates,Primary,19,0.167,0.121,5.987,0.331,0.579,0.759,2.156,0.732,8.639,0.003
205,HU,Copper ores and concentrates,Primary,27,0.973,0.972,1.028,0.986,0.998,0.999,0.09,0.027,1.094,0.0
206,HU,"Lead, zinc and tin ores and concentrates",Primary,31,0.276,0.252,3.617,0.494,0.686,0.814,1.899,0.553,6.68,0.0
207,HU,Nickel ores and concentrates,Primary,23,0.568,0.548,1.761,0.743,0.892,0.945,1.043,0.332,2.836,0.0
208,HU,Other non-ferrous metal ores and concentrates,Primary,35,0.554,0.541,1.804,0.722,0.922,0.944,1.019,0.287,2.769,0.0
209,HU,Precious metal ores and concentrates,Primary,29,0.144,0.114,6.94,0.216,0.547,0.826,2.196,0.652,8.991,0.0
210,IE,Electrical machinery and apparatus n.e.c. (31),Tertiary,36,0.179,0.155,5.599,0.25,0.711,0.815,2.095,0.585,8.126,0.0
211,IE,"Fabricated metal products, except machinery and equipment (28)",Tertiary,49,0.275,0.26,3.64,0.487,0.717,0.803,2.016,0.518,7.511,0.006
212,IE,Machinery and equipment n.e.c. (29),Tertiary,31,0.307,0.283,3.262,0.502,0.769,0.827,1.783,0.519,5.947,0.02
213,IE,Aluminium and aluminium products,Secondary,49,0.575,0.566,1.74,0.753,0.866,0.909,1.189,0.306,3.285,0.001
214,IE,Basic iron and steel and of ferro-alloys and first products thereof,Secondary,49,0.257,0.242,3.887,0.476,0.654,0.81,2.058,0.529,7.832,0.0
215,IE,Copper products,Secondary,49,0.143,0.125,6.996,0.295,0.566,0.698,2.493,0.641,12.099,0.0
216,IE,"Lead, zinc and tin and products thereof",Secondary,49,0.325,0.311,3.077,0.497,0.839,0.889,1.648,0.423,5.194,0.002
217,IE,Other non-ferrous metal products,Secondary,49,0.542,0.533,1.844,0.729,0.859,0.898,1.242,0.319,3.461,0.001
218,IE,Precious metals,Secondary,49,0.278,0.263,3.592,0.501,0.699,0.789,1.994,0.512,7.346,0.001
219,IE,Aluminium ores and concentrates,Primary,19,0.25,0.208,4.003,0.452,0.674,0.859,1.836,0.623,6.27,0.0
220,IE,Copper ores and concentrates,Primary,27,0.578,0.562,1.73,0.753,0.884,0.927,1.084,0.329,2.957,0.0
221,IE,"Lead, zinc and tin ores and concentrates",Primary,31,0.241,0.216,4.151,0.444,0.678,0.816,1.937,0.564,6.94,0.047
222,IE,Nickel ores and concentrates,Primary,23,0.212,0.176,4.725,0.274,0.775,0.899,1.78,0.568,5.932,0.0
223,IE,Other non-ferrous metal ores and concentrates,Primary,35,0.865,0.861,1.156,0.93,0.964,0.975,0.42,0.118,1.522,0.0
224,IE,Precious metal ores and concentrates,Primary,29,0.122,0.091,8.181,0.181,0.492,0.698,2.321,0.689,10.187,0.003
225,IT,Electrical machinery and apparatus n.e.c. (31),Tertiary,36,0.359,0.341,2.782,0.553,0.877,0.911,1.507,0.421,4.514,0.553
226,IT,"Fabricated metal products, except machinery and equipment (28)",Tertiary,49,0.155,0.137,6.449,0.284,0.641,0.749,2.392,0.615,10.937,0.284
227,IT,Machinery and equipment n.e.c. (29),Tertiary,31,0.567,0.552,1.765,0.738,0.942,0.962,0.994,0.289,2.701,0.738
228,IT,Aluminium and aluminium products,Secondary,49,0.235,0.22,4.247,0.382,0.715,0.79,2.072,0.532,7.941,0.382
229,IT,Basic iron and steel and of ferro-alloys and first products thereof,Secondary,49,0.18,0.163,5.55,0.359,0.617,0.735,2.34,0.601,10.381,0.359
230,IT,Copper products,Secondary,49,0.141,0.123,7.102,0.325,0.528,0.626,2.595,0.667,13.395,0.325
231,IT,"Lead, zinc and tin and products thereof",Secondary,49,0.435,0.423,2.3,0.649,0.781,0.835,1.586,0.408,4.885,0.095
232,IT,Other non-ferrous metal products,Secondary,49,0.177,0.16,5.644,0.342,0.637,0.765,2.252,0.579,9.502,0.342
233,IT,Precious metals,Secondary,49,0.314,0.3,3.185,0.516,0.778,0.869,1.735,0.446,5.669,0.516
234,IT,Aluminium ores and concentrates,Primary,19,0.96,0.958,1.041,0.98,0.988,0.993,0.143,0.049,1.154,0.98
235,IT,Copper ores and concentrates,Primary,27,0.418,0.395,2.394,0.596,0.917,0.959,1.242,0.377,3.464,0.0
236,IT,"Lead, zinc and tin ores and concentrates",Primary,31,0.171,0.144,5.84,0.305,0.64,0.794,2.153,0.627,8.614,0.0
237,IT,Nickel ores and concentrates,Primary,23,0.191,0.154,5.235,0.297,0.66,0.825,1.936,0.617,6.931,0.0
238,IT,Other non-ferrous metal ores and concentrates,Primary,35,0.339,0.32,2.949,0.563,0.721,0.826,1.746,0.491,5.733,0.563
239,IT,Precious metal ores and concentrates,Primary,29,0.172,0.143,5.799,0.309,0.632,0.81,2.131,0.633,8.425,0.008
240,LT,Electrical machinery and apparatus n.e.c. (31),Tertiary,36,0.174,0.15,5.758,0.305,0.664,0.766,2.245,0.626,9.436,0.0
241,LT,"Fabricated metal products, except machinery and equipment (28)",Tertiary,49,0.151,0.133,6.623,0.335,0.537,0.693,2.523,0.648,12.462,0.001
242,LT,Machinery and equipment n.e.c. (29),Tertiary,31,0.219,0.193,4.56,0.376,0.728,0.871,1.898,0.553,6.669,0.0
243,LT,Aluminium and aluminium products,Secondary,49,0.188,0.171,5.312,0.354,0.656,0.811,2.222,0.571,9.225,0.0
244,LT,Basic iron and steel and of ferro-alloys and first products thereof,Secondary,49,0.143,0.125,7.013,0.257,0.569,0.691,2.486,0.639,12.018,0.0
245,LT,Copper products,Secondary,49,0.135,0.117,7.387,0.309,0.514,0.642,2.593,0.666,13.366,0.002
246,LT,"Lead, zinc and tin and products thereof",Secondary,49,0.148,0.13,6.754,0.268,0.607,0.763,2.369,0.609,10.692,0.0
247,LT,Other non-ferrous metal products,Secondary,49,0.118,0.1,8.476,0.196,0.551,0.675,2.571,0.661,13.076,0.0
248,LT,Precious metals,Secondary,49,0.355,0.341,2.82,0.576,0.762,0.843,1.72,0.442,5.584,0.0
249,LT,Aluminium ores and concentrates,Primary,19,0.122,0.073,8.205,0.224,0.486,0.69,2.329,0.791,10.27,0.0
250,LT,Copper ores and concentrates,Primary,27,0.286,0.258,3.501,0.438,0.839,0.964,1.518,0.461,4.563,0.0
251,LT,"Lead, zinc and tin ores and concentrates",Primary,31,0.46,0.442,2.175,0.667,0.805,0.87,1.414,0.412,4.112,0.0
252,LT,Nickel ores and concentrates,Primary,23,0.206,0.17,4.849,0.322,0.715,0.854,1.914,0.61,6.781,0.0
253,LT,Other non-ferrous metal ores and concentrates,Primary,35,0.12,0.094,8.349,0.267,0.486,0.631,2.515,0.707,12.365,0.0
254,LT,Precious metal ores and concentrates,Primary,29,0.141,0.11,7.115,0.281,0.548,0.714,2.299,0.683,9.969,0.0
255,LU,Electrical machinery and apparatus n.e.c. (31),Tertiary,36,0.189,0.165,5.304,0.308,0.665,0.771,2.156,0.602,8.632,0.0
256,LU,"Fabricated metal products, except machinery and equipment (28)",Tertiary,49,0.177,0.16,5.651,0.355,0.627,0.754,2.327,0.598,10.249,0.001
257,LU,Machinery and equipment n.e.c. (29),Tertiary,31,0.495,0.478,2.022,0.686,0.889,0.92,1.235,0.36,3.439,0.001
258,LU,Aluminium and aluminium products,Secondary,49,0.215,0.199,4.65,0.31,0.739,0.855,1.991,0.512,7.326,0.0
259,LU,Basic iron and steel and of ferro-alloys and first products thereof,Secondary,49,0.225,0.208,4.454,0.404,0.7,0.819,2.063,0.53,7.867,0.0
260,LU,Copper products,Secondary,49,0.099,0.08,10.081,0.233,0.434,0.592,2.743,0.705,15.54,0.002
261,LU,"Lead, zinc and tin and products thereof",Secondary,49,0.29,0.276,3.445,0.495,0.778,0.864,1.842,0.473,6.312,0.001
262,LU,Other non-ferrous metal products,Secondary,49,0.287,0.272,3.481,0.483,0.783,0.852,1.837,0.472,6.275,0.0
263,LU,Precious metals,Secondary,49,0.106,0.087,9.446,0.198,0.467,0.636,2.601,0.668,13.475,0.003
264,LU,Aluminium ores and concentrates,Primary,19,0.165,0.119,6.061,0.293,0.602,0.762,2.09,0.71,8.081,0.0
265,LU,Copper ores and concentrates,Primary,27,0.42,0.398,2.379,0.499,0.941,0.969,1.113,0.338,3.043,0.0
266,LU,"Lead, zinc and tin ores and concentrates",Primary,31,0.124,0.095,8.075,0.194,0.507,0.721,2.331,0.679,10.289,0.0
267,LU,Nickel ores and concentrates,Primary,23,0.205,0.169,4.87,0.313,0.754,0.866,1.866,0.595,6.463,0.0
268,LU,Other non-ferrous metal ores and concentrates,Primary,35,0.49,0.475,2.04,0.68,0.872,0.911,1.264,0.356,3.541,0.0
269,LU,Precious metal ores and concentrates,Primary,29,0.13,0.099,7.7,0.241,0.527,0.71,2.34,0.695,10.381,0.0
270,LV,Electrical machinery and apparatus n.e.c. (31),Tertiary,36,0.254,0.233,3.937,0.447,0.726,0.81,1.992,0.556,7.332,0.072
271,LV,"Fabricated metal products, except machinery and equipment (28)",Tertiary,49,0.093,0.075,10.704,0.223,0.433,0.581,2.869,0.737,17.623,0.089
272,LV,Machinery and equipment n.e.c. (29),Tertiary,31,0.308,0.285,3.245,0.527,0.726,0.824,1.824,0.531,6.198,0.069
273,LV,Aluminium and aluminium products,Secondary,49,0.117,0.099,8.517,0.256,0.498,0.617,2.752,0.707,15.676,0.036
274,LV,Basic iron and steel and of ferro-alloys and first products thereof,Secondary,49,0.077,0.058,12.988,0.123,0.358,0.55,2.917,0.749,18.478,0.049
275,LV,Copper products,Secondary,49,0.086,0.067,11.576,0.181,0.421,0.55,2.848,0.732,17.256,0.082
276,LV,"Lead, zinc and tin and products thereof",Secondary,49,0.368,0.355,2.719,0.591,0.748,0.808,1.804,0.464,6.075,0.005
277,LV,Other non-ferrous metal products,Secondary,49,0.245,0.229,4.087,0.457,0.686,0.757,2.115,0.544,8.292,0.004
278,LV,Precious metals,Secondary,49,0.067,0.048,14.902,0.108,0.311,0.479,2.924,0.751,18.623,0.105
279,LV,Aluminium ores and concentrates,Primary,19,0.113,0.063,8.886,0.197,0.455,0.663,2.374,0.806,10.737,0.0
280,LV,Copper ores and concentrates,Primary,27,0.344,0.319,2.904,0.532,0.829,0.925,1.497,0.454,4.469,0.0
281,LV,"Lead, zinc and tin ores and concentrates",Primary,31,0.168,0.14,5.964,0.284,0.609,0.85,2.093,0.609,8.109,0.0
282,LV,Nickel ores and concentrates,Primary,23,0.221,0.185,4.529,0.311,0.792,0.887,1.796,0.573,6.024,0.0
283,LV,Other non-ferrous metal ores and concentrates,Primary,35,0.136,0.111,7.327,0.249,0.578,0.729,2.362,0.664,10.608,0.0
284,LV,Precious metal ores and concentrates,Primary,29,0.165,0.135,6.067,0.348,0.558,0.697,2.269,0.674,9.674,0.0
285,MT,Electrical machinery and apparatus n.e.c. (31),Tertiary,36,0.209,0.187,4.774,0.303,0.78,0.838,1.975,0.551,7.204,0.0
286,MT,"Fabricated metal products, except machinery and equipment (28)",Tertiary,49,0.11,0.091,9.112,0.201,0.512,0.667,2.641,0.678,14.021,0.0
287,MT,Machinery and equipment n.e.c. (29),Tertiary,31,0.533,0.517,1.877,0.714,0.926,0.95,1.091,0.318,2.977,0.0
288,MT,Aluminium and aluminium products,Secondary,49,0.455,0.444,2.197,0.658,0.823,0.867,1.48,0.38,4.392,0.0
289,MT,Basic iron and steel and of ferro-alloys and first products thereof,Secondary,49,0.441,0.429,2.27,0.652,0.793,0.86,1.572,0.404,4.818,0.0
290,MT,Copper products,Secondary,49,0.194,0.177,5.167,0.408,0.585,0.68,2.4,0.617,11.021,0.0
291,MT,"Lead, zinc and tin and products thereof",Secondary,49,0.37,0.357,2.699,0.582,0.79,0.844,1.694,0.435,5.442,0.0
292,MT,Other non-ferrous metal products,Secondary,49,0.126,0.108,7.929,0.247,0.521,0.665,2.551,0.655,12.819,0.0
293,MT,Precious metals,Secondary,49,0.314,0.3,3.186,0.516,0.777,0.869,1.731,0.445,5.645,0.0
294,MT,Aluminium ores and concentrates,Primary,19,0.746,0.732,1.34,0.862,0.913,0.956,0.701,0.238,2.015,0.0
295,MT,Copper ores and concentrates,Primary,27,0.696,0.684,1.438,0.831,0.91,0.955,0.815,0.247,2.258,0.0
296,MT,"Lead, zinc and tin ores and concentrates",Primary,31,0.163,0.135,6.129,0.294,0.616,0.792,2.175,0.633,8.805,0.0
297,MT,Nickel ores and concentrates,Primary,23,0.191,0.154,5.242,0.284,0.666,0.835,1.913,0.61,6.771,0.0
298,MT,Other non-ferrous metal ores and concentrates,Primary,35,0.329,0.309,3.042,0.553,0.716,0.818,1.776,0.5,5.907,0.0
299,MT,Precious metal ores and concentrates,Primary,29,0.192,0.163,5.218,0.366,0.66,0.79,2.097,0.623,8.142,0.0
300,NL,Electrical machinery and apparatus n.e.c. (31),Tertiary,36,0.213,0.19,4.698,0.328,0.685,0.773,2.086,0.582,8.051,0.0
301,NL,"Fabricated metal products, except machinery and equipment (28)",Tertiary,49,0.162,0.144,6.176,0.322,0.617,0.75,2.37,0.609,10.699,0.322
302,NL,Machinery and equipment n.e.c. (29),Tertiary,31,0.288,0.264,3.472,0.374,0.858,0.903,1.624,0.473,5.072,0.374
303,NL,Aluminium and aluminium products,Secondary,49,0.369,0.356,2.712,0.59,0.747,0.858,1.697,0.436,5.46,0.59
304,NL,Basic iron and steel and of ferro-alloys and first products thereof,Secondary,49,0.124,0.105,8.086,0.279,0.501,0.636,2.597,0.667,13.428,0.106
305,NL,Copper products,Secondary,49,0.152,0.134,6.591,0.336,0.54,0.656,2.502,0.643,12.209,0.336
306,NL,"Lead, zinc and tin and products thereof",Secondary,49,0.232,0.216,4.305,0.337,0.752,0.844,1.971,0.506,7.175,0.337
307,NL,Other non-ferrous metal products,Secondary,49,0.197,0.18,5.084,0.357,0.689,0.814,2.118,0.544,8.312,0.357
308,NL,Precious metals,Secondary,49,0.141,0.123,7.11,0.297,0.554,0.669,2.459,0.632,11.697,0.167
309,NL,Aluminium ores and concentrates,Primary,19,0.143,0.095,7.005,0.259,0.554,0.749,2.179,0.74,8.841,0.0
310,NL,Copper ores and concentrates,Primary,27,0.679,0.667,1.472,0.821,0.903,0.945,0.866,0.263,2.379,0.0
311,NL,"Lead, zinc and tin ores and concentrates",Primary,31,0.133,0.104,7.536,0.278,0.526,0.671,2.372,0.691,10.719,0.0
312,NL,Nickel ores and concentrates,Primary,23,0.217,0.181,4.616,0.289,0.781,0.901,1.776,0.566,5.904,0.0
313,NL,Other non-ferrous metal ores and concentrates,Primary,35,0.209,0.186,4.775,0.312,0.716,0.861,1.952,0.549,7.042,0.295
314,NL,Precious metal ores and concentrates,Primary,29,0.118,0.086,8.496,0.208,0.495,0.683,2.4,0.713,11.027,0.0
315,PL,Electrical machinery and apparatus n.e.c. (31),Tertiary,36,0.21,0.187,4.772,0.299,0.78,0.845,1.982,0.553,7.26,0.299
316,PL,"Fabricated metal products, except machinery and equipment (28)",Tertiary,49,0.257,0.242,3.884,0.48,0.658,0.778,2.12,0.545,8.334,0.48
317,PL,Machinery and equipment n.e.c. (29),Tertiary,31,0.285,0.261,3.515,0.465,0.78,0.902,1.7,0.495,5.477,0.465
318,PL,Aluminium and aluminium products,Secondary,49,0.468,0.457,2.137,0.676,0.807,0.85,1.526,0.392,4.599,0.676
319,PL,Basic iron and steel and of ferro-alloys and first products thereof,Secondary,49,0.28,0.265,3.573,0.511,0.658,0.744,2.112,0.543,8.268,0.511
320,PL,Copper products,Secondary,49,0.348,0.334,2.877,0.577,0.69,0.791,1.883,0.484,6.575,0.577
321,PL,"Lead, zinc and tin and products thereof",Secondary,49,0.196,0.18,5.09,0.284,0.751,0.833,2.037,0.523,7.664,0.22
322,PL,Other non-ferrous metal products,Secondary,49,0.343,0.33,2.913,0.564,0.751,0.821,1.82,0.468,6.17,0.564
323,PL,Precious metals,Secondary,49,0.365,0.352,2.74,0.584,0.773,0.855,1.669,0.429,5.307,0.584
324,PL,Aluminium ores and concentrates,Primary,19,0.121,0.072,8.245,0.21,0.486,0.714,2.314,0.786,10.118,0.0
325,PL,Copper ores and concentrates,Primary,27,0.34,0.314,2.943,0.507,0.854,0.95,1.436,0.436,4.203,0.507
326,PL,"Lead, zinc and tin ores and concentrates",Primary,31,0.148,0.119,6.773,0.317,0.541,0.69,2.345,0.683,10.428,0.118
327,PL,Nickel ores and concentrates,Primary,23,0.25,0.215,4.008,0.393,0.815,0.9,1.711,0.546,5.537,0.009
328,PL,Other non-ferrous metal ores and concentrates,Primary,35,0.097,0.07,10.362,0.158,0.422,0.627,2.594,0.729,13.378,0.158
329,PL,Precious metal ores and concentrates,Primary,29,0.881,0.877,1.135,0.939,0.967,0.979,0.37,0.11,1.448,0.016
330,PT,Electrical machinery and apparatus n.e.c. (31),Tertiary,36,0.209,0.186,4.784,0.316,0.739,0.888,1.895,0.529,6.65,0.316
331,PT,"Fabricated metal products, except machinery and equipment (28)",Tertiary,49,0.346,0.333,2.889,0.572,0.723,0.81,1.844,0.474,6.323,0.572
332,PT,Machinery and equipment n.e.c. (29),Tertiary,31,0.331,0.309,3.02,0.531,0.828,0.918,1.577,0.459,4.843,0.531
333,PT,Aluminium and aluminium products,Secondary,49,0.235,0.219,4.254,0.38,0.764,0.825,1.992,0.512,7.334,0.38
334,PT,Basic iron and steel and of ferro-alloys and first products thereof,Secondary,49,0.331,0.317,3.025,0.548,0.749,0.819,1.82,0.468,6.171,0.548
335,PT,Copper products,Secondary,49,0.338,0.325,2.954,0.561,0.738,0.832,1.806,0.464,6.084,0.561
336,PT,"Lead, zinc and tin and products thereof",Secondary,49,0.333,0.319,3.002,0.499,0.821,0.865,1.649,0.424,5.201,0.282
337,PT,Other non-ferrous metal products,Secondary,49,0.108,0.089,9.302,0.19,0.473,0.658,2.62,0.673,13.739,0.096
338,PT,Precious metals,Secondary,49,0.067,0.048,14.857,0.14,0.312,0.462,2.936,0.755,18.848,0.072
339,PT,Aluminium ores and concentrates,Primary,19,0.193,0.148,5.188,0.382,0.593,0.754,2.052,0.697,7.783,0.0
340,PT,Copper ores and concentrates,Primary,27,0.888,0.883,1.127,0.941,0.985,0.992,0.307,0.093,1.36,0.036
341,PT,"Lead, zinc and tin ores and concentrates",Primary,31,0.361,0.34,2.772,0.559,0.843,0.918,1.495,0.435,4.46,0.097
342,PT,Nickel ores and concentrates,Primary,23,0.182,0.145,5.482,0.308,0.656,0.858,1.964,0.626,7.124,0.0
343,PT,Other non-ferrous metal ores and concentrates,Primary,35,0.157,0.132,6.378,0.259,0.616,0.8,2.216,0.623,9.167,0.259
344,PT,Precious metal ores and concentrates,Primary,29,0.379,0.357,2.636,0.583,0.846,0.921,1.479,0.439,4.39,0.11
345,RO,Electrical machinery and apparatus n.e.c. (31),Tertiary,36,0.256,0.235,3.9,0.443,0.712,0.779,1.987,0.554,7.292,0.0
346,RO,"Fabricated metal products, except machinery and equipment (28)",Tertiary,49,0.567,0.558,1.763,0.749,0.843,0.897,1.263,0.325,3.536,0.749
347,RO,Machinery and equipment n.e.c. (29),Tertiary,31,0.617,0.604,1.621,0.777,0.922,0.951,0.946,0.275,2.575,0.777
348,RO,Aluminium and aluminium products,Secondary,49,0.129,0.111,7.762,0.278,0.563,0.645,2.65,0.681,14.16,0.157
349,RO,Basic iron and steel and of ferro-alloys and first products thereof,Secondary,49,0.207,0.191,4.82,0.412,0.641,0.72,2.326,0.598,10.238,0.412
350,RO,Copper products,Secondary,49,0.179,0.162,5.587,0.35,0.656,0.741,2.315,0.595,10.123,0.012
351,RO,"Lead, zinc and tin and products thereof",Secondary,49,0.418,0.406,2.392,0.64,0.718,0.778,1.761,0.452,5.816,0.009
352,RO,Other non-ferrous metal products,Secondary,49,0.11,0.091,9.115,0.27,0.445,0.579,2.746,0.706,15.582,0.036
353,RO,Precious metals,Secondary,49,0.118,0.099,8.49,0.277,0.474,0.613,2.633,0.677,13.916,0.001
354,RO,Aluminium ores and concentrates,Primary,19,0.121,0.072,8.258,0.212,0.521,0.703,2.354,0.799,10.523,0.0
355,RO,Copper ores and concentrates,Primary,27,0.62,0.606,1.612,0.768,0.992,0.995,0.723,0.219,2.06,0.0
356,RO,"Lead, zinc and tin ores and concentrates",Primary,31,0.126,0.097,7.942,0.216,0.507,0.72,2.322,0.676,10.192,0.0
357,RO,Nickel ores and concentrates,Primary,23,0.243,0.209,4.112,0.361,0.772,0.879,1.767,0.564,5.855,0.0
358,RO,Other non-ferrous metal ores and concentrates,Primary,35,0.134,0.108,7.47,0.282,0.532,0.679,2.405,0.677,11.082,0.0
359,RO,Precious metal ores and concentrates,Primary,29,0.625,0.612,1.6,0.784,0.901,0.939,0.955,0.284,2.599,0.001
360,SE,Electrical machinery and apparatus n.e.c. (31),Tertiary,36,0.236,0.214,4.243,0.346,0.741,0.858,1.895,0.529,6.65,0.004
361,SE,"Fabricated metal products, except machinery and equipment (28)",Tertiary,49,0.114,0.095,8.793,0.229,0.5,0.675,2.625,0.674,13.803,0.145
362,SE,Machinery and equipment n.e.c. (29),Tertiary,31,0.212,0.186,4.709,0.295,0.754,0.91,1.823,0.531,6.191,0.295
363,SE,Aluminium and aluminium products,Secondary,49,0.167,0.149,5.998,0.36,0.551,0.694,2.431,0.625,11.375,0.078
364,SE,Basic iron and steel and of ferro-alloys and first products thereof,Secondary,49,0.144,0.126,6.96,0.251,0.581,0.765,2.396,0.616,10.984,0.214
365,SE,Copper products,Secondary,49,0.077,0.058,12.982,0.133,0.352,0.522,2.851,0.733,17.305,0.079
366,SE,"Lead, zinc and tin and products thereof",Secondary,49,0.478,0.467,2.091,0.684,0.797,0.861,1.467,0.377,4.334,0.03
367,SE,Other non-ferrous metal products,Secondary,49,0.356,0.343,2.806,0.539,0.867,0.923,1.486,0.382,4.419,0.539
368,SE,Precious metals,Secondary,49,0.291,0.276,3.44,0.48,0.768,0.877,1.718,0.441,5.574,0.016
369,SE,Aluminium ores and concentrates,Primary,19,0.143,0.096,6.985,0.262,0.569,0.744,2.2,0.747,9.023,0.0
370,SE,Copper ores and concentrates,Primary,27,0.216,0.186,4.636,0.358,0.733,0.869,1.84,0.558,6.293,0.358
371,SE,"Lead, zinc and tin ores and concentrates",Primary,31,0.307,0.284,3.261,0.449,0.812,0.883,1.63,0.475,5.103,0.314
372,SE,Nickel ores and concentrates,Primary,23,0.854,0.847,1.172,0.923,0.987,0.995,0.368,0.117,1.445,0.045
373,SE,Other non-ferrous metal ores and concentrates,Primary,35,0.305,0.284,3.282,0.509,0.765,0.908,1.691,0.476,5.425,0.097
374,SE,Precious metal ores and concentrates,Primary,29,0.866,0.862,1.154,0.928,0.997,0.998,0.286,0.085,1.331,0.928
375,SI,Electrical machinery and apparatus n.e.c. (31),Tertiary,36,0.173,0.149,5.788,0.309,0.646,0.775,2.216,0.618,9.168,0.0
376,SI,"Fabricated metal products, except machinery and equipment (28)",Tertiary,49,0.085,0.066,11.749,0.155,0.402,0.586,2.812,0.723,16.645,0.004
377,SI,Machinery and equipment n.e.c. (29),Tertiary,31,0.293,0.27,3.407,0.478,0.793,0.927,1.612,0.469,5.014,0.002
378,SI,Aluminium and aluminium products,Secondary,49,0.224,0.208,4.463,0.394,0.744,0.846,2.006,0.516,7.437,0.006
379,SI,Basic iron and steel and of ferro-alloys and first products thereof,Secondary,49,0.185,0.168,5.392,0.326,0.649,0.774,2.226,0.572,9.265,0.003
380,SI,Copper products,Secondary,49,0.086,0.067,11.64,0.175,0.415,0.541,2.834,0.728,17.012,0.0
381,SI,"Lead, zinc and tin and products thereof",Secondary,49,0.357,0.344,2.8,0.586,0.701,0.773,1.876,0.482,6.527,0.0
382,SI,Other non-ferrous metal products,Secondary,49,0.207,0.19,4.831,0.397,0.681,0.765,2.176,0.559,8.808,0.001
383,SI,Precious metals,Secondary,49,0.234,0.218,4.267,0.424,0.699,0.804,2.054,0.528,7.802,0.0
384,SI,Aluminium ores and concentrates,Primary,19,0.494,0.465,2.026,0.694,0.801,0.879,1.305,0.443,3.688,0.0
385,SI,Copper ores and concentrates,Primary,27,0.861,0.855,1.162,0.926,0.993,0.996,0.339,0.103,1.404,0.0
386,SI,"Lead, zinc and tin ores and concentrates",Primary,31,0.128,0.099,7.826,0.208,0.548,0.733,2.348,0.684,10.46,0.0
387,SI,Nickel ores and concentrates,Primary,23,0.765,0.754,1.307,0.873,0.945,0.968,0.625,0.199,1.868,0.0
388,SI,Other non-ferrous metal ores and concentrates,Primary,35,0.59,0.578,1.696,0.761,0.892,0.932,1.056,0.297,2.875,0.0
389,SI,Precious metal ores and concentrates,Primary,29,0.162,0.132,6.165,0.289,0.629,0.759,2.208,0.656,9.101,0.0
390,SK,Electrical machinery and apparatus n.e.c. (31),Tertiary,36,0.203,0.18,4.933,0.383,0.654,0.771,2.172,0.606,8.774,0.0
391,SK,"Fabricated metal products, except machinery and equipment (28)",Tertiary,49,0.098,0.079,10.194,0.22,0.469,0.598,2.815,0.723,16.7,0.018
392,SK,Machinery and equipment n.e.c. (29),Tertiary,31,0.139,0.111,7.182,0.216,0.602,0.743,2.308,0.672,10.05,0.029
393,SK,Aluminium and aluminium products,Secondary,49,0.12,0.101,8.359,0.305,0.456,0.56,2.857,0.734,17.409,0.004
394,SK,Basic iron and steel and of ferro-alloys and first products thereof,Secondary,49,0.083,0.064,11.988,0.191,0.412,0.537,2.949,0.758,19.084,0.005
395,SK,Copper products,Secondary,49,0.142,0.124,7.062,0.307,0.553,0.69,2.515,0.646,12.362,0.001
396,SK,"Lead, zinc and tin and products thereof",Secondary,49,0.35,0.337,2.853,0.581,0.695,0.776,1.924,0.494,6.846,0.004
397,SK,Other non-ferrous metal products,Secondary,49,0.091,0.072,11.034,0.199,0.424,0.575,2.791,0.717,16.302,0.001
398,SK,Precious metals,Secondary,49,0.073,0.053,13.783,0.167,0.334,0.482,2.906,0.747,18.276,0.001
399,SK,Aluminium ores and concentrates,Primary,19,0.119,0.07,8.422,0.206,0.491,0.684,2.358,0.801,10.57,0.0
400,SK,Copper ores and concentrates,Primary,27,0.947,0.945,1.056,0.973,0.996,0.998,0.16,0.049,1.174,0.0
401,SK,"Lead, zinc and tin ores and concentrates",Primary,31,0.174,0.147,5.734,0.324,0.635,0.759,2.186,0.637,8.897,0.0
402,SK,Nickel ores and concentrates,Primary,23,0.225,0.189,4.451,0.333,0.797,0.877,1.792,0.571,6.0,0.0
403,SK,Other non-ferrous metal ores and concentrates,Primary,35,0.204,0.18,4.907,0.367,0.676,0.783,2.102,0.591,8.18,0.0
404,SK,Precious metal ores and concentrates,Primary,29,0.126,0.095,7.938,0.232,0.506,0.698,2.326,0.691,10.232,0.088
405,GB,Electrical machinery and apparatus n.e.c. (31),Tertiary,36,0.191,0.168,5.239,0.297,0.678,0.793,2.126,0.593,8.38,0.039
406,GB,"Fabricated metal products, except machinery and equipment (28)",Tertiary,49,0.203,0.186,4.927,0.398,0.64,0.749,2.274,0.584,9.723,0.398
407,GB,Machinery and equipment n.e.c. (29),Tertiary,31,0.243,0.217,4.122,0.415,0.724,0.823,1.945,0.566,6.994,0.02
408,GB,Aluminium and aluminium products,Secondary,49,0.588,0.579,1.701,0.763,0.856,0.893,1.182,0.304,3.262,0.763
409,GB,Basic iron and steel and of ferro-alloys and first products thereof,Secondary,49,0.25,0.234,4.001,0.469,0.633,0.78,2.076,0.534,7.975,0.469
410,GB,Copper products,Secondary,49,0.19,0.174,5.253,0.404,0.56,0.683,2.394,0.615,10.958,0.404
411,GB,"Lead, zinc and tin and products thereof",Secondary,49,0.298,0.283,3.361,0.444,0.8,0.869,1.751,0.45,5.759,0.308
412,GB,Other non-ferrous metal products,Secondary,49,0.477,0.466,2.095,0.682,0.817,0.865,1.442,0.37,4.227,0.682
413,GB,Precious metals,Secondary,49,0.338,0.324,2.956,0.561,0.751,0.827,1.806,0.464,6.084,0.561
414,GB,Aluminium ores and concentrates,Primary,19,0.315,0.277,3.176,0.534,0.715,0.845,1.698,0.577,5.464,0.0
415,GB,Copper ores and concentrates,Primary,27,0.696,0.684,1.437,0.832,0.911,0.946,0.825,0.25,2.281,0.0
416,GB,"Lead, zinc and tin ores and concentrates",Primary,31,0.51,0.493,1.963,0.705,0.839,0.914,1.25,0.364,3.491,0.072
417,GB,Nickel ores and concentrates,Primary,23,0.202,0.166,4.95,0.281,0.751,0.872,1.841,0.587,6.3,0.0
418,GB,Other non-ferrous metal ores and concentrates,Primary,35,0.679,0.669,1.474,0.821,0.905,0.932,0.902,0.254,2.465,0.821
419,GB,Precious metal ores and concentrates,Primary,29,0.115,0.083,8.714,0.189,0.485,0.673,2.406,0.715,11.091,0.002
420,US,Electrical machinery and apparatus n.e.c. (31),Tertiary,36,0.828,0.823,1.207,0.909,0.96,0.982,0.476,0.133,1.61,0.909
421,US,"Fabricated metal products, except machinery and equipment (28)",Tertiary,49,0.829,0.825,1.206,0.909,0.974,0.99,0.456,0.117,1.578,0.909
422,US,Machinery and equipment n.e.c. (29),Tertiary,31,0.99,0.99,1.01,0.995,0.998,0.998,0.041,0.012,1.041,0.995
423,US,Aluminium and aluminium products,Secondary,49,0.478,0.467,2.091,0.648,0.937,0.971,1.1,0.283,3.004,0.648
424,US,Basic iron and steel and of ferro-alloys and first products thereof,Secondary,49,0.81,0.806,1.235,0.898,0.962,0.983,0.518,0.133,1.679,0.898
425,US,Copper products,Secondary,49,0.237,0.221,4.215,0.45,0.637,0.755,2.032,0.522,7.632,0.45
426,US,"Lead, zinc and tin and products thereof",Secondary,49,0.31,0.296,3.227,0.512,0.798,0.897,1.673,0.43,5.329,0.136
427,US,Other non-ferrous metal products,Secondary,49,0.718,0.713,1.392,0.845,0.928,0.955,0.773,0.199,2.166,0.845
428,US,Precious metals,Secondary,49,0.546,0.536,1.833,0.73,0.855,0.95,1.143,0.294,3.137,0.73
429,US,Aluminium ores and concentrates,Primary,19,0.228,0.186,4.378,0.352,0.725,0.866,1.808,0.614,6.099,0.352
430,US,Copper ores and concentrates,Primary,27,0.282,0.254,3.546,0.404,0.814,0.909,1.643,0.498,5.169,0.404
431,US,"Lead, zinc and tin ores and concentrates",Primary,31,0.856,0.851,1.168,0.925,0.96,0.979,0.431,0.126,1.539,0.925
432,US,Nickel ores and concentrates,Primary,23,0.339,0.309,2.95,0.551,0.759,0.905,1.558,0.497,4.748,0.0
433,US,Other non-ferrous metal ores and concentrates,Primary,35,0.235,0.212,4.256,0.4,0.717,0.794,1.996,0.561,7.359,0.017
434,US,Precious metal ores and concentrates,Primary,29,0.141,0.11,7.085,0.242,0.584,0.759,2.24,0.665,9.395,0.157
435,JP,Electrical machinery and apparatus n.e.c. (31),Tertiary,36,0.512,0.498,1.955,0.688,0.928,0.979,1.041,0.29,2.831,0.688
436,JP,"Fabricated metal products, except machinery and equipment (28)",Tertiary,49,0.524,0.514,1.908,0.711,0.886,0.965,1.125,0.289,3.081,0.711
437,JP,Machinery and equipment n.e.c. (29),Tertiary,31,0.847,0.842,1.18,0.92,0.966,0.975,0.445,0.13,1.56,0.0
438,JP,Aluminium and aluminium products,Secondary,49,0.416,0.403,2.406,0.569,0.918,0.957,1.23,0.316,3.422,0.569
439,JP,Basic iron and steel and of ferro-alloys and first products thereof,Secondary,49,0.445,0.434,2.245,0.635,0.908,0.961,1.234,0.317,3.436,0.635
440,JP,Copper products,Secondary,49,0.558,0.549,1.791,0.736,0.899,0.963,1.062,0.273,2.893,0.736
441,JP,"Lead, zinc and tin and products thereof",Secondary,49,0.412,0.4,2.426,0.6,0.892,0.974,1.259,0.323,3.522,0.6
442,JP,Other non-ferrous metal products,Secondary,49,0.681,0.674,1.468,0.819,0.938,0.966,0.792,0.204,2.208,0.819
443,JP,Precious metals,Secondary,49,0.618,0.61,1.617,0.772,0.984,0.992,0.779,0.2,2.179,0.772
444,JP,Aluminium ores and concentrates,Primary,19,0.237,0.195,4.218,0.36,0.764,0.878,1.771,0.602,5.878,0.0
445,JP,Copper ores and concentrates,Primary,27,0.277,0.249,3.607,0.414,0.835,0.9,1.648,0.5,5.199,0.0
446,JP,"Lead, zinc and tin ores and concentrates",Primary,31,0.483,0.466,2.069,0.677,0.882,0.944,1.221,0.356,3.392,0.0
447,JP,Nickel ores and concentrates,Primary,23,0.417,0.39,2.399,0.506,0.935,0.972,1.106,0.353,3.023,0.0
448,JP,Other non-ferrous metal ores and concentrates,Primary,35,0.638,0.627,1.568,0.778,0.982,0.99,0.709,0.199,2.032,0.778
449,JP,Precious metal ores and concentrates,Primary,29,0.873,0.868,1.146,0.934,0.971,0.986,0.367,0.109,1.443,0.934
450,CN,Electrical machinery and apparatus n.e.c. (31),Tertiary,36,0.885,0.882,1.13,0.94,0.971,0.986,0.348,0.097,1.416,0.94
451,CN,"Fabricated metal products, except machinery and equipment (28)",Tertiary,49,0.872,0.87,1.146,0.934,0.97,0.982,0.391,0.1,1.479,0.934
452,CN,Machinery and equipment n.e.c. (29),Tertiary,31,0.695,0.684,1.44,0.829,0.925,0.949,0.805,0.234,2.237,0.002
453,CN,Aluminium and aluminium products,Secondary,49,0.956,0.955,1.046,0.978,0.99,0.994,0.154,0.04,1.166,0.978
454,CN,Basic iron and steel and of ferro-alloys and first products thereof,Secondary,49,0.84,0.837,1.19,0.916,0.964,0.977,0.464,0.119,1.59,0.916
455,CN,Copper products,Secondary,49,0.546,0.537,1.83,0.731,0.856,0.935,1.186,0.305,3.274,0.731
456,CN,"Lead, zinc and tin and products thereof",Secondary,49,0.97,0.969,1.031,0.985,0.993,0.996,0.112,0.029,1.118,0.985
457,CN,Other non-ferrous metal products,Secondary,49,0.912,0.91,1.097,0.955,0.969,0.977,0.304,0.078,1.355,0.955
458,CN,Precious metals,Secondary,49,0.368,0.355,2.715,0.577,0.794,0.872,1.612,0.414,5.014,0.577
459,CN,Aluminium ores and concentrates,Primary,19,0.303,0.264,3.301,0.461,0.828,0.955,1.503,0.51,4.494,0.461
460,CN,Copper ores and concentrates,Primary,27,0.798,0.79,1.254,0.891,0.961,0.982,0.531,0.161,1.7,0.891
461,CN,"Lead, zinc and tin ores and concentrates",Primary,31,0.354,0.332,2.826,0.551,0.835,0.944,1.458,0.424,4.295,0.551
462,CN,Nickel ores and concentrates,Primary,23,0.318,0.287,3.145,0.453,0.841,0.923,1.48,0.472,4.393,0.322
463,CN,Other non-ferrous metal ores and concentrates,Primary,35,0.838,0.833,1.193,0.914,0.97,0.983,0.455,0.128,1.576,0.914
464,CN,Precious metal ores and concentrates,Primary,29,0.842,0.836,1.188,0.917,0.964,0.979,0.46,0.137,1.584,0.917
465,CA,Electrical machinery and apparatus n.e.c. (31),Tertiary,36,0.524,0.51,1.909,0.702,0.929,0.963,1.064,0.297,2.898,0.162
466,CA,"Fabricated metal products, except machinery and equipment (28)",Tertiary,49,0.631,0.623,1.585,0.783,0.937,0.969,0.867,0.223,2.381,0.13
467,CA,Machinery and equipment n.e.c. (29),Tertiary,31,0.906,0.903,1.104,0.952,0.985,0.992,0.28,0.082,1.324,0.0
468,CA,Aluminium and aluminium products,Secondary,49,0.268,0.253,3.732,0.349,0.866,0.912,1.696,0.436,5.452,0.349
469,CA,Basic iron and steel and of ferro-alloys and first products thereof,Secondary,49,0.297,0.283,3.361,0.415,0.831,0.879,1.685,0.433,5.39,0.343
470,CA,Copper products,Secondary,49,0.199,0.182,5.025,0.385,0.63,0.754,2.205,0.566,9.067,0.062
471,CA,"Lead, zinc and tin and products thereof",Secondary,49,0.314,0.299,3.189,0.425,0.821,0.88,1.621,0.417,5.059,0.357
472,CA,Other non-ferrous metal products,Secondary,49,0.169,0.152,5.919,0.256,0.687,0.786,2.215,0.569,9.165,0.245
473,CA,Precious metals,Secondary,49,0.203,0.186,4.933,0.407,0.586,0.733,2.167,0.557,8.728,0.051
474,CA,Aluminium ores and concentrates,Primary,19,0.204,0.16,4.894,0.398,0.601,0.779,2.001,0.68,7.398,0.0
475,CA,Copper ores and concentrates,Primary,27,0.202,0.172,4.943,0.299,0.723,0.816,1.968,0.597,7.153,0.0
476,CA,"Lead, zinc and tin ores and concentrates",Primary,31,0.753,0.745,1.327,0.866,0.926,0.958,0.699,0.203,2.011,0.004
477,CA,Nickel ores and concentrates,Primary,23,0.424,0.397,2.361,0.507,0.936,0.964,1.103,0.352,3.014,0.0
478,CA,Other non-ferrous metal ores and concentrates,Primary,35,0.19,0.166,5.265,0.396,0.6,0.679,2.305,0.648,10.024,0.02
479,CA,Precious metal ores and concentrates,Primary,29,0.198,0.169,5.05,0.336,0.727,0.821,2.006,0.596,7.436,0.2
480,KR,Electrical machinery and apparatus n.e.c. (31),Tertiary,36,0.336,0.317,2.975,0.478,0.877,0.947,1.425,0.398,4.158,0.478
481,KR,"Fabricated metal products, except machinery and equipment (28)",Tertiary,49,0.26,0.244,3.853,0.455,0.711,0.889,1.789,0.46,5.986,0.455
482,KR,Machinery and equipment n.e.c. (29),Tertiary,31,0.765,0.758,1.307,0.873,0.932,0.951,0.677,0.197,1.969,0.0
483,KR,Aluminium and aluminium products,Secondary,49,0.674,0.667,1.484,0.815,0.947,0.968,0.802,0.206,2.229,0.815
484,KR,Basic iron and steel and of ferro-alloys and first products thereof,Secondary,49,0.489,0.478,2.046,0.682,0.889,0.938,1.232,0.317,3.428,0.682
485,KR,Copper products,Secondary,49,0.473,0.462,2.113,0.674,0.84,0.931,1.33,0.342,3.781,0.674
486,KR,"Lead, zinc and tin and products thereof",Secondary,49,0.363,0.35,2.756,0.468,0.904,0.941,1.359,0.349,3.892,0.373
487,KR,Other non-ferrous metal products,Secondary,49,0.266,0.25,3.764,0.43,0.815,0.905,1.729,0.444,5.633,0.43
488,KR,Precious metals,Secondary,49,0.287,0.272,3.486,0.5,0.732,0.84,1.854,0.476,6.384,0.5
489,KR,Aluminium ores and concentrates,Primary,19,0.387,0.353,2.583,0.597,0.796,0.928,1.428,0.485,4.172,0.0
490,KR,Copper ores and concentrates,Primary,27,0.33,0.305,3.026,0.545,0.777,0.868,1.663,0.505,5.274,0.0
491,KR,"Lead, zinc and tin ores and concentrates",Primary,31,0.204,0.177,4.912,0.356,0.676,0.82,1.966,0.573,7.145,0.049
492,KR,Nickel ores and concentrates,Primary,23,0.974,0.973,1.026,0.987,0.995,0.998,0.09,0.029,1.094,0.987
493,KR,Other non-ferrous metal ores and concentrates,Primary,35,0.359,0.34,2.786,0.54,0.871,0.957,1.397,0.393,4.043,0.225
494,KR,Precious metal ores and concentrates,Primary,29,0.475,0.456,2.106,0.673,0.859,0.932,1.272,0.378,3.568,0.673
495,BR,Electrical machinery and apparatus n.e.c. (31),Tertiary,36,0.369,0.351,2.71,0.577,0.827,0.896,1.509,0.421,4.522,0.577
496,BR,"Fabricated metal products, except machinery and equipment (28)",Tertiary,49,0.201,0.184,4.979,0.394,0.637,0.764,2.13,0.547,8.416,0.052
497,BR,Machinery and equipment n.e.c. (29),Tertiary,31,0.788,0.781,1.269,0.886,0.952,0.965,0.598,0.174,1.818,0.0
498,BR,Aluminium and aluminium products,Secondary,49,0.307,0.293,3.254,0.41,0.847,0.934,1.534,0.394,4.638,0.359
499,BR,Basic iron and steel and of ferro-alloys and first products thereof,Secondary,49,0.261,0.245,3.836,0.46,0.722,0.856,1.88,0.483,6.556,0.46
500,BR,Copper products,Secondary,49,0.274,0.259,3.646,0.424,0.784,0.87,1.776,0.456,5.908,0.424
501,BR,"Lead, zinc and tin and products thereof",Secondary,49,0.441,0.43,2.266,0.643,0.831,0.873,1.433,0.368,4.193,0.643
502,BR,Other non-ferrous metal products,Secondary,49,0.183,0.166,5.473,0.277,0.685,0.855,2.049,0.527,7.762,0.277
503,BR,Precious metals,Secondary,49,0.276,0.261,3.626,0.487,0.714,0.812,1.872,0.481,6.501,0.487
504,BR,Aluminium ores and concentrates,Primary,19,0.355,0.319,2.819,0.562,0.795,0.919,1.503,0.51,4.496,0.562
505,BR,Copper ores and concentrates,Primary,27,0.502,0.483,1.992,0.688,0.915,0.957,1.128,0.342,3.089,0.688
506,BR,"Lead, zinc and tin ores and concentrates",Primary,31,0.221,0.195,4.516,0.369,0.725,0.892,1.828,0.532,6.224,0.369
507,BR,Nickel ores and concentrates,Primary,23,0.243,0.208,4.119,0.414,0.735,0.858,1.787,0.57,5.969,0.414
508,BR,Other non-ferrous metal ores and concentrates,Primary,35,0.3,0.28,3.332,0.39,0.871,0.943,1.524,0.429,4.592,0.39
509,BR,Precious metal ores and concentrates,Primary,29,0.801,0.794,1.248,0.892,0.983,0.992,0.478,0.142,1.613,0.892
510,IN,Electrical machinery and apparatus n.e.c. (31),Tertiary,36,0.701,0.693,1.426,0.833,0.95,0.977,0.74,0.206,2.095,0.833
511,IN,"Fabricated metal products, except machinery and equipment (28)",Tertiary,49,0.506,0.496,1.975,0.7,0.858,0.927,1.264,0.325,3.541,0.7
512,IN,Machinery and equipment n.e.c. (29),Tertiary,31,0.673,0.662,1.485,0.817,0.91,0.936,0.889,0.259,2.432,0.0
513,IN,Aluminium and aluminium products,Secondary,49,0.455,0.443,2.2,0.653,0.863,0.916,1.349,0.347,3.853,0.653
514,IN,Basic iron and steel and of ferro-alloys and first products thereof,Secondary,49,0.525,0.515,1.906,0.713,0.884,0.928,1.227,0.315,3.41,0.713
515,IN,Copper products,Secondary,49,0.457,0.445,2.189,0.666,0.792,0.873,1.478,0.38,4.384,0.666
516,IN,"Lead, zinc and tin and products thereof",Secondary,49,0.273,0.257,3.669,0.461,0.765,0.89,1.759,0.452,5.808,0.185
517,IN,Other non-ferrous metal products,Secondary,49,0.132,0.114,7.568,0.244,0.561,0.718,2.385,0.613,10.864,0.149
518,IN,Precious metals,Secondary,49,0.19,0.173,5.261,0.395,0.594,0.716,2.297,0.59,9.946,0.395
519,IN,Aluminium ores and concentrates,Primary,19,0.473,0.444,2.115,0.669,0.883,0.942,1.229,0.417,3.418,0.669
520,IN,Copper ores and concentrates,Primary,27,0.166,0.134,6.009,0.329,0.561,0.765,2.14,0.649,8.5,0.023
521,IN,"Lead, zinc and tin ores and concentrates",Primary,31,0.242,0.217,4.126,0.373,0.801,0.932,1.696,0.494,5.45,0.222
522,IN,Nickel ores and concentrates,Primary,23,0.218,0.183,4.586,0.338,0.734,0.892,1.792,0.572,6.004,0.0
523,IN,Other non-ferrous metal ores and concentrates,Primary,35,0.176,0.151,5.692,0.308,0.635,0.84,2.088,0.587,8.066,0.308
524,IN,Precious metal ores and concentrates,Primary,29,0.167,0.137,5.981,0.284,0.624,0.823,2.092,0.621,8.104,0.284
525,MX,Electrical machinery and apparatus n.e.c. (31),Tertiary,36,0.361,0.343,2.772,0.471,0.902,0.965,1.303,0.364,3.681,0.362
526,MX,"Fabricated metal products, except machinery and equipment (28)",Tertiary,49,0.527,0.517,1.898,0.669,0.964,0.987,0.876,0.225,2.401,0.669
527,MX,Machinery and equipment n.e.c. (29),Tertiary,31,0.975,0.974,1.026,0.987,0.994,0.996,0.096,0.028,1.101,0.0
528,MX,Aluminium and aluminium products,Secondary,49,0.585,0.576,1.711,0.754,0.911,0.976,0.969,0.249,2.634,0.754
529,MX,Basic iron and steel and of ferro-alloys and first products thereof,Secondary,49,0.702,0.696,1.424,0.83,0.959,0.983,0.688,0.177,1.99,0.83
530,MX,Copper products,Secondary,49,0.305,0.291,3.276,0.481,0.795,0.904,1.65,0.424,5.209,0.251
531,MX,"Lead, zinc and tin and products thereof",Secondary,49,0.399,0.386,2.507,0.596,0.884,0.937,1.386,0.356,4.001,0.596
532,MX,Other non-ferrous metal products,Secondary,49,0.455,0.444,2.196,0.649,0.876,0.936,1.291,0.332,3.635,0.649
533,MX,Precious metals,Secondary,49,0.359,0.346,2.782,0.552,0.847,0.933,1.457,0.374,4.293,0.552
534,MX,Aluminium ores and concentrates,Primary,19,0.206,0.162,4.862,0.359,0.682,0.874,1.881,0.639,6.558,0.0
535,MX,Copper ores and concentrates,Primary,27,0.232,0.203,4.307,0.354,0.793,0.907,1.758,0.533,5.802,0.0
536,MX,"Lead, zinc and tin ores and concentrates",Primary,31,0.697,0.687,1.434,0.832,0.922,0.971,0.782,0.228,2.186,0.0
537,MX,Nickel ores and concentrates,Primary,23,0.258,0.225,3.872,0.456,0.697,0.837,1.762,0.562,5.826,0.0
538,MX,Other non-ferrous metal ores and concentrates,Primary,35,0.417,0.399,2.401,0.625,0.839,0.894,1.473,0.414,4.361,0.0
539,MX,Precious metal ores and concentrates,Primary,29,0.249,0.222,4.019,0.447,0.706,0.84,1.9,0.564,6.686,0.0
540,RU,Electrical machinery and apparatus n.e.c. (31),Tertiary,36,0.729,0.721,1.372,0.851,0.922,0.963,0.744,0.208,2.105,0.002
541,RU,"Fabricated metal products, except machinery and equipment (28)",Tertiary,49,0.329,0.315,3.04,0.557,0.712,0.789,1.92,0.493,6.824,0.0
542,RU,Machinery and equipment n.e.c. (29),Tertiary,31,0.286,0.262,3.495,0.435,0.83,0.925,1.63,0.475,5.106,0.0
543,RU,Aluminium and aluminium products,Secondary,49,0.754,0.749,1.326,0.867,0.926,0.953,0.735,0.189,2.086,0.001
544,RU,Basic iron and steel and of ferro-alloys and first products thereof,Secondary,49,0.294,0.279,3.4,0.44,0.803,0.855,1.778,0.457,5.916,0.002
545,RU,Copper products,Secondary,49,0.185,0.168,5.404,0.375,0.613,0.76,2.278,0.585,9.758,0.008
546,RU,"Lead, zinc and tin and products thereof",Secondary,49,0.844,0.841,1.185,0.918,0.957,0.969,0.486,0.125,1.626,0.0
547,RU,Other non-ferrous metal products,Secondary,49,0.408,0.396,2.449,0.508,0.915,0.936,1.224,0.315,3.402,0.001
548,RU,Precious metals,Secondary,49,0.268,0.253,3.73,0.454,0.772,0.835,1.887,0.485,6.6,0.002
549,RU,Aluminium ores and concentrates,Primary,19,0.242,0.2,4.132,0.332,0.783,0.874,1.761,0.598,5.818,0.001
550,RU,Copper ores and concentrates,Primary,27,0.382,0.359,2.616,0.575,0.867,0.958,1.347,0.409,3.845,0.0
551,RU,"Lead, zinc and tin ores and concentrates",Primary,31,0.462,0.444,2.166,0.665,0.835,0.924,1.325,0.386,3.763,0.0
552,RU,Nickel ores and concentrates,Primary,23,0.962,0.96,1.039,0.981,0.993,0.997,0.128,0.041,1.136,0.0
553,RU,Other non-ferrous metal ores and concentrates,Primary,35,0.46,0.444,2.175,0.651,0.88,0.93,1.287,0.362,3.622,0.0
554,RU,Precious metal ores and concentrates,Primary,29,0.8,0.793,1.25,0.891,0.978,0.991,0.483,0.144,1.621,0.0
555,AU,Electrical machinery and apparatus n.e.c. (31),Tertiary,36,0.19,0.167,5.255,0.284,0.674,0.829,1.93,0.539,6.891,0.284
556,AU,"Fabricated metal products, except machinery and equipment (28)",Tertiary,49,0.144,0.126,6.96,0.242,0.568,0.773,2.246,0.577,9.45,0.036
557,AU,Machinery and equipment n.e.c. (29),Tertiary,31,0.655,0.644,1.526,0.805,0.905,0.931,0.935,0.272,2.548,0.0
558,AU,Aluminium and aluminium products,Secondary,49,0.258,0.242,3.88,0.453,0.724,0.852,1.845,0.474,6.326,0.453
559,AU,Basic iron and steel and of ferro-alloys and first products thereof,Secondary,49,0.138,0.12,7.231,0.251,0.517,0.741,2.222,0.571,9.224,0.121
560,AU,Copper products,Secondary,49,0.125,0.106,8.026,0.173,0.468,0.716,2.251,0.578,9.496,0.161
561,AU,"Lead, zinc and tin and products thereof",Secondary,49,0.392,0.379,2.551,0.579,0.878,0.948,1.359,0.349,3.891,0.216
562,AU,Other non-ferrous metal products,Secondary,49,0.617,0.609,1.62,0.773,0.938,0.97,0.884,0.227,2.421,0.773
563,AU,Precious metals,Secondary,49,0.432,0.42,2.314,0.63,0.868,0.954,1.265,0.325,3.543,0.63
564,AU,Aluminium ores and concentrates,Primary,19,0.943,0.94,1.06,0.971,0.989,0.995,0.182,0.062,1.199,0.971
565,AU,Copper ores and concentrates,Primary,27,0.719,0.708,1.391,0.844,0.955,0.979,0.693,0.21,1.999,0.844
566,AU,"Lead, zinc and tin ores and concentrates",Primary,31,0.663,0.652,1.508,0.802,0.964,0.985,0.727,0.212,2.069,0.802
567,AU,Nickel ores and concentrates,Primary,23,0.879,0.873,1.138,0.937,0.991,0.996,0.315,0.1,1.37,0.937
568,AU,Other non-ferrous metal ores and concentrates,Primary,35,0.303,0.283,3.295,0.455,0.875,0.95,1.497,0.421,4.47,0.167
569,AU,Precious metal ores and concentrates,Primary,29,0.98,0.98,1.02,0.99,0.996,0.998,0.074,0.022,1.077,0.99
570,CH,Electrical machinery and apparatus n.e.c. (31),Tertiary,36,0.201,0.178,4.981,0.333,0.68,0.783,2.114,0.59,8.282,0.0
571,CH,"Fabricated metal products, except machinery and equipment (28)",Tertiary,49,0.167,0.149,6.004,0.36,0.584,0.675,2.459,0.632,11.69,0.04
572,CH,Machinery and equipment n.e.c. (29),Tertiary,31,0.316,0.293,3.17,0.499,0.827,0.916,1.589,0.463,4.897,0.0
573,CH,Aluminium and aluminium products,Secondary,49,0.184,0.167,5.444,0.341,0.623,0.847,2.135,0.549,8.455,0.001
574,CH,Basic iron and steel and of ferro-alloys and first products thereof,Secondary,49,0.183,0.166,5.463,0.326,0.684,0.824,2.169,0.557,8.749,0.001
575,CH,Copper products,Secondary,49,0.095,0.076,10.518,0.218,0.434,0.597,2.773,0.713,16.008,0.0
576,CH,"Lead, zinc and tin and products thereof",Secondary,49,0.304,0.29,3.288,0.519,0.725,0.803,1.911,0.491,6.758,0.001
577,CH,Other non-ferrous metal products,Secondary,49,0.173,0.156,5.78,0.35,0.626,0.745,2.319,0.596,10.169,0.001
578,CH,Precious metals,Secondary,49,0.164,0.146,6.103,0.331,0.604,0.743,2.31,0.594,10.079,0.159
579,CH,Aluminium ores and concentrates,Primary,19,0.354,0.318,2.822,0.566,0.773,0.872,1.574,0.535,4.826,0.0
580,CH,Copper ores and concentrates,Primary,27,0.548,0.531,1.824,0.69,0.972,0.985,0.83,0.252,2.294,0.0
581,CH,"Lead, zinc and tin ores and concentrates",Primary,31,0.131,0.102,7.646,0.225,0.553,0.73,2.317,0.675,10.144,0.0
582,CH,Nickel ores and concentrates,Primary,23,0.2,0.164,4.989,0.332,0.719,0.841,1.932,0.616,6.9,0.0
583,CH,Other non-ferrous metal ores and concentrates,Primary,35,0.245,0.223,4.077,0.42,0.755,0.837,1.901,0.535,6.69,0.0
584,CH,Precious metal ores and concentrates,Primary,29,0.148,0.118,6.739,0.298,0.572,0.726,2.291,0.68,9.889,0.0
585,TR,Electrical machinery and apparatus n.e.c. (31),Tertiary,36,0.182,0.159,5.491,0.322,0.65,0.773,2.159,0.602,8.66,0.047
586,TR,"Fabricated metal products, except machinery and equipment (28)",Tertiary,49,0.158,0.141,6.323,0.315,0.583,0.739,2.372,0.61,10.722,0.315
587,TR,Machinery and equipment n.e.c. (29),Tertiary,31,0.336,0.314,2.979,0.54,0.796,0.848,1.674,0.487,5.332,0.001
588,TR,Aluminium and aluminium products,Secondary,49,0.418,0.406,2.392,0.631,0.795,0.88,1.552,0.399,4.719,0.631
589,TR,Basic iron and steel and of ferro-alloys and first products thereof,Secondary,49,0.316,0.302,3.165,0.54,0.713,0.819,1.883,0.484,6.57,0.54
590,TR,Copper products,Secondary,49,0.116,0.098,8.622,0.193,0.528,0.691,2.554,0.656,12.857,0.193
591,TR,"Lead, zinc and tin and products thereof",Secondary,49,0.825,0.821,1.212,0.908,0.95,0.964,0.545,0.14,1.724,0.006
592,TR,Other non-ferrous metal products,Secondary,49,0.274,0.259,3.65,0.366,0.825,0.887,1.741,0.447,5.705,0.366
593,TR,Precious metals,Secondary,49,0.351,0.337,2.849,0.557,0.807,0.922,1.526,0.392,4.599,0.557
594,TR,Aluminium ores and concentrates,Primary,19,0.959,0.956,1.043,0.979,0.991,0.995,0.143,0.049,1.154,0.979
595,TR,Copper ores and concentrates,Primary,27,0.462,0.442,2.163,0.645,0.946,0.974,1.104,0.335,3.016,0.645
596,TR,"Lead, zinc and tin ores and concentrates",Primary,31,0.894,0.89,1.119,0.945,0.979,0.991,0.315,0.092,1.371,0.945
597,TR,Nickel ores and concentrates,Primary,23,0.827,0.819,1.209,0.908,0.963,0.989,0.462,0.147,1.587,0.908
598,TR,Other non-ferrous metal ores and concentrates,Primary,35,0.839,0.835,1.191,0.915,0.978,0.986,0.425,0.119,1.529,0.915
599,TR,Precious metal ores and concentrates,Primary,29,0.947,0.945,1.056,0.973,0.995,0.998,0.158,0.047,1.171,0.973
600,TW,Electrical machinery and apparatus n.e.c. (31),Tertiary,36,0.156,0.132,6.417,0.27,0.627,0.78,2.259,0.63,9.574,0.27
601,TW,"Fabricated metal products, except machinery and equipment (28)",Tertiary,49,0.384,0.371,2.605,0.602,0.773,0.838,1.754,0.451,5.777,0.602
602,TW,Machinery and equipment n.e.c. (29),Tertiary,31,0.243,0.218,4.108,0.454,0.673,0.746,2.086,0.607,8.051,0.0
603,TW,Aluminium and aluminium products,Secondary,49,0.467,0.456,2.143,0.674,0.808,0.844,1.579,0.406,4.85,0.674
604,TW,Basic iron and steel and of ferro-alloys and first products thereof,Secondary,49,0.297,0.283,3.362,0.528,0.684,0.761,2.085,0.536,8.043,0.528
605,TW,Copper products,Secondary,49,0.129,0.111,7.734,0.299,0.505,0.634,2.679,0.688,14.568,0.071
606,TW,"Lead, zinc and tin and products thereof",Secondary,49,0.35,0.336,2.859,0.526,0.832,0.874,1.628,0.418,5.096,0.526
607,TW,Other non-ferrous metal products,Secondary,49,0.078,0.059,12.846,0.15,0.403,0.526,2.886,0.742,17.92,0.039
608,TW,Precious metals,Secondary,49,0.074,0.055,13.462,0.112,0.313,0.485,2.82,0.725,16.784,0.007
609,TW,Aluminium ores and concentrates,Primary,19,0.994,0.994,1.006,0.997,0.999,0.999,0.026,0.009,1.027,0.997
610,TW,Copper ores and concentrates,Primary,27,0.915,0.912,1.093,0.956,0.992,0.995,0.242,0.073,1.273,0.956
611,TW,"Lead, zinc and tin ores and concentrates",Primary,31,0.985,0.984,1.016,0.992,0.997,0.998,0.061,0.018,1.063,0.992
612,TW,Nickel ores and concentrates,Primary,23,0.319,0.288,3.136,0.467,0.91,0.972,1.386,0.442,3.999,0.0
613,TW,Other non-ferrous metal ores and concentrates,Primary,35,0.449,0.433,2.225,0.659,0.799,0.869,1.476,0.415,4.377,0.659
614,TW,Precious metal ores and concentrates,Primary,29,0.97,0.969,1.031,0.985,0.994,0.997,0.108,0.032,1.114,0.985
615,NO,Electrical machinery and apparatus n.e.c. (31),Tertiary,36,0.223,0.201,4.481,0.359,0.706,0.785,2.045,0.571,7.726,0.0
616,NO,"Fabricated metal products, except machinery and equipment (28)",Tertiary,49,0.116,0.097,8.64,0.234,0.475,0.667,2.545,0.654,12.746,0.001
617,NO,Machinery and equipment n.e.c. (29),Tertiary,31,0.277,0.252,3.616,0.451,0.783,0.918,1.666,0.485,5.289,0.003
618,NO,Aluminium and aluminium products,Secondary,49,0.153,0.135,6.549,0.241,0.598,0.81,2.28,0.586,9.775,0.001
619,NO,Basic iron and steel and of ferro-alloys and first products thereof,Secondary,49,0.207,0.19,4.838,0.339,0.708,0.785,2.16,0.555,8.673,0.0
620,NO,Copper products,Secondary,49,0.091,0.072,11.001,0.175,0.442,0.584,2.773,0.712,16.005,0.003
621,NO,"Lead, zinc and tin and products thereof",Secondary,49,0.181,0.164,5.527,0.352,0.632,0.794,2.218,0.57,9.185,0.002
622,NO,Other non-ferrous metal products,Secondary,49,0.123,0.105,8.108,0.186,0.501,0.743,2.4,0.617,11.019,0.013
623,NO,Precious metals,Secondary,49,0.08,0.061,12.514,0.165,0.355,0.522,2.813,0.723,16.662,0.002
624,NO,Aluminium ores and concentrates,Primary,19,0.127,0.079,7.844,0.225,0.496,0.712,2.257,0.766,9.552,0.0
625,NO,Copper ores and concentrates,Primary,27,0.545,0.528,1.833,0.704,0.945,0.97,0.941,0.285,2.562,0.0
626,NO,"Lead, zinc and tin ores and concentrates",Primary,31,0.598,0.585,1.671,0.769,0.856,0.913,1.085,0.316,2.96,0.0
627,NO,Nickel ores and concentrates,Primary,23,0.609,0.591,1.641,0.773,0.901,0.965,0.94,0.3,2.559,0.0
628,NO,Other non-ferrous metal ores and concentrates,Primary,35,0.223,0.2,4.487,0.411,0.677,0.823,2.015,0.567,7.497,0.0
629,NO,Precious metal ores and concentrates,Primary,29,0.29,0.265,3.448,0.498,0.742,0.86,1.771,0.526,5.878,0.0
630,ID,Electrical machinery and apparatus n.e.c. (31),Tertiary,36,0.213,0.191,4.694,0.324,0.729,0.861,1.905,0.532,6.717,0.324
631,ID,"Fabricated metal products, except machinery and equipment (28)",Tertiary,49,0.324,0.31,3.083,0.532,0.777,0.881,1.744,0.448,5.719,0.532
632,ID,Machinery and equipment n.e.c. (29),Tertiary,31,0.392,0.372,2.548,0.613,0.748,0.82,1.663,0.484,5.277,0.0
633,ID,Aluminium and aluminium products,Secondary,49,0.276,0.261,3.624,0.474,0.757,0.824,1.967,0.506,7.152,0.201
634,ID,Basic iron and steel and of ferro-alloys and first products thereof,Secondary,49,0.548,0.538,1.826,0.728,0.9,0.935,1.148,0.295,3.151,0.728
635,ID,Copper products,Secondary,49,0.165,0.148,6.046,0.317,0.602,0.797,2.256,0.58,9.549,0.317
636,ID,"Lead, zinc and tin and products thereof",Secondary,49,0.311,0.296,3.219,0.4,0.846,0.921,1.568,0.403,4.798,0.4
637,ID,Other non-ferrous metal products,Secondary,49,0.195,0.178,5.127,0.349,0.675,0.787,2.166,0.557,8.724,0.349
638,ID,Precious metals,Secondary,49,0.182,0.165,5.507,0.317,0.657,0.743,2.215,0.569,9.159,0.252
639,ID,Aluminium ores and concentrates,Primary,19,0.354,0.318,2.824,0.564,0.805,0.891,1.562,0.531,4.771,0.007
640,ID,Copper ores and concentrates,Primary,27,0.217,0.187,4.601,0.395,0.678,0.815,1.956,0.593,7.069,0.022
641,ID,"Lead, zinc and tin ores and concentrates",Primary,31,0.299,0.276,3.342,0.441,0.831,0.924,1.57,0.457,4.807,0.301
642,ID,Nickel ores and concentrates,Primary,23,0.227,0.192,4.407,0.415,0.666,0.857,1.843,0.588,6.317,0.031
643,ID,Other non-ferrous metal ores and concentrates,Primary,35,0.185,0.161,5.396,0.273,0.72,0.827,2.076,0.584,7.969,0.0
644,ID,Precious metal ores and concentrates,Primary,29,0.197,0.168,5.086,0.3,0.685,0.851,1.975,0.586,7.205,0.001
645,ZA,Electrical machinery and apparatus n.e.c. (31),Tertiary,36,0.234,0.212,4.276,0.351,0.755,0.879,1.838,0.513,6.285,0.3
646,ZA,"Fabricated metal products, except machinery and equipment (28)",Tertiary,49,0.17,0.153,5.882,0.278,0.671,0.822,2.195,0.564,8.98,0.278
647,ZA,Machinery and equipment n.e.c. (29),Tertiary,31,0.508,0.492,1.969,0.693,0.881,0.914,1.216,0.354,3.375,0.0
648,ZA,Aluminium and aluminium products,Secondary,49,0.257,0.241,3.892,0.387,0.772,0.884,1.805,0.464,6.078,0.387
649,ZA,Basic iron and steel and of ferro-alloys and first products thereof,Secondary,49,0.165,0.147,6.071,0.254,0.62,0.811,2.197,0.565,9.0,0.252
650,ZA,Copper products,Secondary,49,0.142,0.124,7.065,0.258,0.574,0.725,2.361,0.607,10.597,0.258
651,ZA,"Lead, zinc and tin and products thereof",Secondary,49,0.436,0.425,2.291,0.632,0.883,0.937,1.332,0.342,3.79,0.08
652,ZA,Other non-ferrous metal products,Secondary,49,0.353,0.339,2.837,0.442,0.949,0.97,1.277,0.328,3.587,0.373
653,ZA,Precious metals,Secondary,49,0.655,0.648,1.526,0.799,0.973,0.991,0.743,0.191,2.102,0.799
654,ZA,Aluminium ores and concentrates,Primary,19,0.778,0.766,1.285,0.88,0.946,0.976,0.594,0.202,1.811,0.0
655,ZA,Copper ores and concentrates,Primary,27,0.488,0.468,2.051,0.674,0.898,0.962,1.145,0.347,3.142,0.022
656,ZA,"Lead, zinc and tin ores and concentrates",Primary,31,0.984,0.983,1.016,0.992,0.997,0.998,0.062,0.018,1.064,0.0
657,ZA,Nickel ores and concentrates,Primary,23,0.793,0.784,1.261,0.889,0.959,0.982,0.542,0.173,1.719,0.027
658,ZA,Other non-ferrous metal ores and concentrates,Primary,35,0.355,0.336,2.817,0.522,0.901,0.971,1.338,0.376,3.811,0.133
659,ZA,Precious metal ores and concentrates,Primary,29,0.254,0.228,3.933,0.432,0.743,0.849,1.858,0.552,6.412,0.432
660,WA,Electrical machinery and apparatus n.e.c. (31),Tertiary,36,0.385,0.367,2.598,0.58,0.866,0.932,1.409,0.393,4.091,0.19
661,WA,"Fabricated metal products, except machinery and equipment (28)",Tertiary,49,0.27,0.255,3.699,0.383,0.831,0.893,1.736,0.446,5.673,0.325
662,WA,Machinery and equipment n.e.c. (29),Tertiary,31,0.712,0.702,1.405,0.841,0.918,0.949,0.802,0.234,2.23,0.0
663,WA,Aluminium and aluminium products,Secondary,49,0.578,0.569,1.73,0.75,0.899,0.937,1.071,0.275,2.917,0.114
664,WA,Basic iron and steel and of ferro-alloys and first products thereof,Secondary,49,0.259,0.244,3.858,0.355,0.8,0.883,1.802,0.463,6.06,0.355
665,WA,Copper products,Secondary,49,0.177,0.16,5.647,0.335,0.645,0.773,2.231,0.573,9.311,0.335
666,WA,"Lead, zinc and tin and products thereof",Secondary,49,0.629,0.621,1.59,0.781,0.937,0.962,0.873,0.224,2.394,0.136
667,WA,Other non-ferrous metal products,Secondary,49,0.291,0.276,3.437,0.407,0.826,0.905,1.661,0.427,5.266,0.339
668,WA,Precious metals,Secondary,49,0.221,0.205,4.524,0.406,0.697,0.796,2.07,0.532,7.922,0.406
669,WA,Aluminium ores and concentrates,Primary,19,0.278,0.238,3.596,0.372,0.795,0.897,1.638,0.556,5.144,0.357
670,WA,Copper ores and concentrates,Primary,27,0.165,0.133,6.054,0.249,0.641,0.831,2.019,0.612,7.528,0.249
671,WA,"Lead, zinc and tin ores and concentrates",Primary,31,0.217,0.191,4.602,0.302,0.72,0.937,1.782,0.519,5.944,0.302
672,WA,Nickel ores and concentrates,Primary,23,0.255,0.221,3.923,0.406,0.776,0.9,1.682,0.537,5.377,0.071
673,WA,Other non-ferrous metal ores and concentrates,Primary,35,0.309,0.289,3.237,0.453,0.822,0.909,1.611,0.453,5.006,0.453
674,WA,Precious metal ores and concentrates,Primary,29,0.262,0.236,3.816,0.404,0.821,0.947,1.618,0.481,5.045,0.196
675,WL,Electrical machinery and apparatus n.e.c. (31),Tertiary,36,0.365,0.347,2.737,0.573,0.826,0.894,1.517,0.423,4.559,0.025
676,WL,"Fabricated metal products, except machinery and equipment (28)",Tertiary,49,0.2,0.183,5.01,0.393,0.633,0.762,2.132,0.548,8.434,0.031
677,WL,Machinery and equipment n.e.c. (29),Tertiary,31,0.788,0.781,1.268,0.886,0.952,0.965,0.596,0.174,1.815,0.0
678,WL,Aluminium and aluminium products,Secondary,49,0.307,0.292,3.259,0.409,0.847,0.933,1.538,0.395,4.653,0.035
679,WL,Basic iron and steel and of ferro-alloys and first products thereof,Secondary,49,0.256,0.24,3.91,0.455,0.715,0.849,1.903,0.489,6.709,0.026
680,WL,Copper products,Secondary,49,0.272,0.256,3.683,0.383,0.791,0.875,1.763,0.453,5.827,0.338
681,WL,"Lead, zinc and tin and products thereof",Secondary,49,0.441,0.429,2.269,0.643,0.83,0.872,1.436,0.369,4.202,0.018
682,WL,Other non-ferrous metal products,Secondary,49,0.18,0.163,5.562,0.267,0.677,0.853,2.061,0.53,7.856,0.028
683,WL,Precious metals,Secondary,49,0.274,0.259,3.649,0.485,0.711,0.81,1.88,0.483,6.555,0.026
684,WL,Aluminium ores and concentrates,Primary,19,0.355,0.319,2.82,0.561,0.795,0.918,1.504,0.511,4.498,0.156
685,WL,Copper ores and concentrates,Primary,27,0.49,0.47,2.043,0.677,0.912,0.956,1.153,0.35,3.169,0.004
686,WL,"Lead, zinc and tin ores and concentrates",Primary,31,0.221,0.195,4.529,0.368,0.724,0.891,1.831,0.533,6.237,0.046
687,WL,Nickel ores and concentrates,Primary,23,0.239,0.204,4.186,0.41,0.728,0.859,1.798,0.574,6.04,0.059
688,WL,Other non-ferrous metal ores and concentrates,Primary,35,0.288,0.267,3.475,0.391,0.86,0.938,1.571,0.442,4.813,0.054
689,WL,Precious metal ores and concentrates,Primary,29,0.801,0.794,1.248,0.892,0.983,0.992,0.479,0.142,1.614,0.0
690,WE,Electrical machinery and apparatus n.e.c. (31),Tertiary,36,0.235,0.213,4.25,0.425,0.736,0.809,2.006,0.56,7.435,0.172
691,WE,"Fabricated metal products, except machinery and equipment (28)",Tertiary,49,0.137,0.12,7.274,0.329,0.503,0.613,2.688,0.691,14.699,0.079
692,WE,Machinery and equipment n.e.c. (29),Tertiary,31,0.136,0.108,7.336,0.238,0.561,0.742,2.272,0.662,9.699,0.0
693,WE,Aluminium and aluminium products,Secondary,49,0.176,0.159,5.692,0.372,0.576,0.712,2.388,0.614,10.893,0.114
694,WE,Basic iron and steel and of ferro-alloys and first products thereof,Secondary,49,0.139,0.121,7.211,0.31,0.558,0.662,2.609,0.67,13.589,0.31
695,WE,Copper products,Secondary,49,0.132,0.114,7.566,0.27,0.557,0.666,2.581,0.663,13.211,0.27
696,WE,"Lead, zinc and tin and products thereof",Secondary,49,0.263,0.247,3.807,0.457,0.728,0.805,1.995,0.513,7.351,0.212
697,WE,Other non-ferrous metal products,Secondary,49,0.179,0.162,5.587,0.348,0.613,0.692,2.382,0.612,10.825,0.348
698,WE,Precious metals,Secondary,49,0.183,0.166,5.453,0.378,0.582,0.725,2.256,0.58,9.546,0.081
699,WE,Aluminium ores and concentrates,Primary,19,0.595,0.572,1.681,0.763,0.901,0.951,1.005,0.341,2.733,0.763
700,WE,Copper ores and concentrates,Primary,27,0.522,0.504,1.915,0.694,0.965,0.979,0.975,0.296,2.65,0.694
701,WE,"Lead, zinc and tin ores and concentrates",Primary,31,0.292,0.268,3.426,0.513,0.702,0.81,1.857,0.541,6.401,0.513
702,WE,Nickel ores and concentrates,Primary,23,0.334,0.304,2.995,0.537,0.809,0.924,1.532,0.488,4.625,0.076
703,WE,Other non-ferrous metal ores and concentrates,Primary,35,0.473,0.457,2.116,0.678,0.802,0.874,1.402,0.394,4.065,0.678
704,WE,Precious metal ores and concentrates,Primary,29,0.381,0.359,2.622,0.539,0.878,0.949,1.345,0.399,3.838,0.033
705,WF,Electrical machinery and apparatus n.e.c. (31),Tertiary,36,0.288,0.268,3.471,0.485,0.787,0.854,1.775,0.495,5.899,0.188
706,WF,"Fabricated metal products, except machinery and equipment (28)",Tertiary,49,0.179,0.162,5.578,0.357,0.636,0.723,2.365,0.608,10.642,0.031
707,WF,Machinery and equipment n.e.c. (29),Tertiary,31,0.417,0.398,2.397,0.629,0.804,0.872,1.533,0.446,4.63,0.0
708,WF,Aluminium and aluminium products,Secondary,49,0.392,0.379,2.551,0.578,0.852,0.901,1.485,0.382,4.415,0.234
709,WF,Basic iron and steel and of ferro-alloys and first products thereof,Secondary,49,0.327,0.313,3.061,0.524,0.782,0.867,1.74,0.447,5.697,0.524
710,WF,Copper products,Secondary,49,0.278,0.263,3.599,0.488,0.709,0.862,1.851,0.476,6.364,0.488
711,WF,"Lead, zinc and tin and products thereof",Secondary,49,0.466,0.455,2.145,0.589,0.957,0.976,1.007,0.259,2.737,0.344
712,WF,Other non-ferrous metal products,Secondary,49,0.738,0.733,1.355,0.849,0.987,0.992,0.522,0.134,1.686,0.849
713,WF,Precious metals,Secondary,49,0.227,0.211,4.402,0.327,0.728,0.865,1.93,0.496,6.891,0.327
714,WF,Aluminium ores and concentrates,Primary,19,0.794,0.783,1.259,0.89,0.945,0.981,0.556,0.189,1.743,0.89
715,WF,Copper ores and concentrates,Primary,27,0.412,0.389,2.427,0.562,0.95,0.978,1.153,0.35,3.166,0.562
716,WF,"Lead, zinc and tin ores and concentrates",Primary,31,0.999,0.999,1.001,0.999,1.0,1.0,0.006,0.002,1.006,0.999
717,WF,Nickel ores and concentrates,Primary,23,0.978,0.977,1.023,0.989,0.997,0.999,0.079,0.025,1.082,0.989
718,WF,Other non-ferrous metal ores and concentrates,Primary,35,0.662,0.652,1.51,0.8,0.964,0.977,0.736,0.207,2.088,0.8
719,WF,Precious metal ores and concentrates,Primary,29,0.269,0.243,3.716,0.418,0.775,0.877,1.769,0.525,5.867,0.0
720,WM,Electrical machinery and apparatus n.e.c. (31),Tertiary,36,0.306,0.287,3.263,0.501,0.791,0.884,1.688,0.471,5.41,0.013
721,WM,"Fabricated metal products, except machinery and equipment (28)",Tertiary,49,0.199,0.182,5.033,0.3,0.693,0.817,2.071,0.532,7.935,0.043
722,WM,Machinery and equipment n.e.c. (29),Tertiary,31,0.771,0.763,1.297,0.877,0.942,0.961,0.654,0.191,1.924,0.0
723,WM,Aluminium and aluminium products,Secondary,49,0.385,0.372,2.599,0.605,0.747,0.861,1.657,0.426,5.242,0.058
724,WM,Basic iron and steel and of ferro-alloys and first products thereof,Secondary,49,0.136,0.118,7.368,0.243,0.561,0.711,2.342,0.602,10.404,0.078
725,WM,Copper products,Secondary,49,0.17,0.153,5.886,0.367,0.549,0.673,2.371,0.609,10.708,0.029
726,WM,"Lead, zinc and tin and products thereof",Secondary,49,0.535,0.525,1.869,0.726,0.823,0.881,1.277,0.328,3.588,0.025
727,WM,Other non-ferrous metal products,Secondary,49,0.188,0.171,5.317,0.337,0.673,0.821,2.096,0.538,8.131,0.096
728,WM,Precious metals,Secondary,49,0.123,0.105,8.113,0.227,0.507,0.725,2.415,0.621,11.193,0.042
729,WM,Aluminium ores and concentrates,Primary,19,0.507,0.48,1.972,0.701,0.85,0.939,1.203,0.409,3.332,0.0
730,WM,Copper ores and concentrates,Primary,27,0.292,0.265,3.422,0.476,0.797,0.883,1.653,0.501,5.221,0.024
731,WM,"Lead, zinc and tin ores and concentrates",Primary,31,0.432,0.413,2.317,0.634,0.847,0.941,1.33,0.387,3.78,0.0
732,WM,Nickel ores and concentrates,Primary,23,0.285,0.252,3.513,0.473,0.781,0.923,1.612,0.514,5.014,0.0
733,WM,Other non-ferrous metal ores and concentrates,Primary,35,0.251,0.229,3.981,0.452,0.696,0.861,1.912,0.538,6.764,0.0
734,WM,Precious metal ores and concentrates,Primary,29,0.534,0.517,1.873,0.712,0.926,0.956,1.073,0.319,2.924,0.0
